"course_id","title","link","provider","platform","skills","level","credential","duration","rating"
109,"Python for Data Science, AI & Development","https://www.coursera.org/learn/python-for-applied-data-science-ai","IBM","Coursera","Data Import/Export, Programming Principles, Web Scraping, Python Programming, Jupyter, Data Structures, Data Processing, Pandas (Python Package), Data Manipulation, JSON, Computer Programming, Restful API, NumPy, Object Oriented Programming (OOP), Scripting, Application Programming Interface (API), Automation, Data Analysis","Beginner","Course","1 - 3 Months","4.6"
110,"Google Data Analytics","https://www.coursera.org/professional-certificates/google-data-analytics","Google","Coursera","Data Storytelling, Rmarkdown, Data Literacy, Data Visualization, Data Presentation, Data Ethics, Data Cleansing, Data Validation, Ggplot2, Tableau Software, Sampling (Statistics), Presentations, Spreadsheet Software, Data Analysis, Data Visualization Software, LinkedIn, Dashboard, Data Processing, Interviewing Skills, Professional Development","Beginner","Professional Certificate","3 - 6 Months","4.8"
111,"Data Analysis with Python","https://www.coursera.org/learn/data-analysis-with-python","IBM","Coursera","Exploratory Data Analysis, Data Wrangling, Data Transformation, Data Analysis, Data Cleansing, Data Manipulation, Data Import/Export, Predictive Modeling, Regression Analysis, Statistical Analysis, Pandas (Python Package), Scikit Learn (Machine Learning Library), Data-Driven Decision-Making, Matplotlib, Feature Engineering, Data Visualization, Data Pipelines, NumPy, Python Programming","Intermediate","Course","1 - 3 Months","4.7"
112,"Excel Basics for Data Analysis","https://www.coursera.org/learn/excel-basics-data-analysis-ibm","IBM","Coursera","Excel Formulas, Microsoft Excel, Data Cleansing, Data Analysis, Data Import/Export, Spreadsheet Software, Data Wrangling, Data Quality, Pivot Tables And Charts, Google Sheets, Data Manipulation, Data Science, Data Integrity, Information Privacy","Beginner","Course","1 - 3 Months","4.8"
113,"IBM Data Science","https://www.coursera.org/professional-certificates/ibm-data-science","IBM","Coursera","Exploratory Data Analysis, Data Wrangling, Dashboard, Data Visualization Software, Data Visualization, SQL, Unsupervised Learning, Plotly, Interactive Data Visualization, Supervised Learning, Data Transformation, Feature Engineering, Jupyter, Data Analysis, Data Cleansing, Data Manipulation, Data Literacy, Generative AI, Professional Networking, Data Import/Export","Beginner","Professional Certificate","3 - 6 Months","4.6"
114,"Introduction to Data Analytics","https://www.coursera.org/learn/introduction-to-data-analytics","IBM","Coursera","Big Data, Data Analysis, Statistical Analysis, Apache Hadoop, Apache Hive, Data Collection, Data Science, Data Warehousing, Data Visualization, Data Cleansing, Apache Spark, Data Lakes, Data Visualization Software, Relational Databases, Microsoft Excel","Beginner","Course","1 - 3 Months","4.8"
115,"Using Basic Formulas and Functions in Microsoft Excel","https://www.coursera.org/projects/using-basic-formulas-functions-microsoft-excel","Coursera Project Network","Coursera","Excel Formulas, Spreadsheet Software, Microsoft Excel, Microsoft Office, Microsoft 365, Data Analysis, Business Mathematics","Beginner","Guided Project","Less Than 2 Hours","4.6"
116,"From Excel to Power BI","https://www.coursera.org/learn/from-excel-to-power-bi","Knowledge Accelerators","Coursera","Data Modeling, Data Visualization, Power BI, Data Visualization Software, Dashboard, Data Presentation, Interactive Data Visualization, Data Import/Export, Data Analysis, Data Analysis Expressions (DAX), Data Synthesis, Business Intelligence, Data Transformation, Trend Analysis, Data Sharing, Excel Formulas, Business Analytics, Microsoft 365","Beginner","Course","1 - 3 Months","4.5"
117,"Introduction to Data Analysis using Microsoft Excel","https://www.coursera.org/projects/introduction-data-analysis-microsoft-excel","Coursera Project Network","Coursera","Microsoft Excel, Excel Formulas, Spreadsheet Software, Pivot Tables And Charts, Data Analysis, Data Manipulation, Microsoft Office, Data Mining","Intermediate","Guided Project","Less Than 2 Hours","4.7"
118,"AI Python for Beginners","https://www.coursera.org/learn/ai-python-for-beginners","DeepLearning.AI","Coursera","Large Language Modeling, Prompt Engineering, Artificial Intelligence, Jupyter, Python Programming, Data Analysis, ChatGPT, Application Development, Scripting, Programming Principles, Automation, Application Programming Interface (API), Data Structures","Beginner","Course","1 - 4 Weeks","4.8"
119,"Crash Course on Python","https://www.coursera.org/learn/python-crash-course","Google","Coursera","Scripting, Python Programming, Computer Programming, Computational Thinking, Data Structures, Integrated Development Environments, Debugging, Development Environment","Beginner","Course","1 - 3 Months","4.8"
120,"Google Cybersecurity","https://www.coursera.org/professional-certificates/google-cybersecurity","Google","Coursera","Threat Modeling, Network Security, Threat Management, Incident Response, Vulnerability Management, Computer Security Incident Management, Hardening, Intrusion Detection and Prevention, Security Management, Cyber Threat Intelligence, Cyber Attacks, Cybersecurity, Network Protocols, Cloud Security, Bash (Scripting Language), Debugging, Linux, Interviewing Skills, Python Programming, SQL","Beginner","Professional Certificate","3 - 6 Months","4.8"
121,"Programming for Everybody (Getting Started with Python)","https://www.coursera.org/learn/python","University of Michigan","Coursera","Programming Principles, Computer Programming, Python Programming, Computational Thinking, Software Installation, Development Environment","Beginner","Course","1 - 3 Months","4.8"
122,"Machine Learning with Python","https://www.coursera.org/learn/machine-learning-with-python","IBM","Coursera","Unsupervised Learning, Supervised Learning, Feature Engineering, Applied Machine Learning, Scikit Learn (Machine Learning Library), Machine Learning, Predictive Modeling, Dimensionality Reduction, Regression Analysis, Decision Tree Learning, Classification And Regression Tree (CART), Statistical Modeling","Intermediate","Course","1 - 3 Months","4.7"
123,"OpenAI GPTs: Creating Your Own Custom AI Assistants","https://www.coursera.org/learn/openai-custom-gpts","Vanderbilt University","Coursera","Generative AI, AI Personalization, ChatGPT, OpenAI, Personalized Service, Artificial Intelligence, Responsible AI, Prompt Engineering, LLM Application, Expense Management, Productivity Software, Verification And Validation, Travel Arrangements, Expense Reports, Test Case, Scenario Testing","Beginner","Course","1 - 4 Weeks","4.8"
124,"Introduction to AI","https://www.coursera.org/learn/google-introduction-to-ai","Google","Coursera","Generative AI, AI Product Strategy, Responsible AI, Machine Learning, Innovation, Critical Thinking","Beginner","Course","1 - 4 Weeks","4.8"
125,"Build a computer vision app with Azure Cognitive Services","https://www.coursera.org/projects/build-a-computer-vision-app-with-azure-cognitive-services","Microsoft","Coursera","Application Programming Interface (API), Microsoft Azure, Computer Vision, Artificial Intelligence and Machine Learning (AI/ML), User Accounts, Image Analysis, Artificial Intelligence, Cloud Solutions, Cloud Computing, Software Development","Intermediate","Guided Project","Less Than 2 Hours","4.5"
126,"Introduction to AI and Machine Learning on Google Cloud","https://www.coursera.org/learn/introduction-to-ai-and-machine-learning-on-google-cloud","Google Cloud","Coursera","Prompt Engineering, Google Cloud Platform, Generative AI, Cloud Infrastructure, MLOps (Machine Learning Operations), Cloud Platforms, Artificial Intelligence, Machine Learning, Natural Language Processing","Beginner","Course","1 - 3 Months","4.6"
127,"Network Security","https://www.coursera.org/learn/network-security","Cisco Learning and Certifications","Coursera","Network Security, Distributed Denial-Of-Service (DDoS) Attacks, Malware Protection, Network Monitoring, Network Administration, TCP/IP, Network Infrastructure, Infrastructure Security, Intrusion Detection and Prevention, Network Protocols, Load Balancing, Firewall, Vulnerability Assessments, General Networking, Authorization (Computing), Web Applications, Authentications","Mixed","Course","1 - 4 Weeks","4.8"
128,"Learn to Program: The Fundamentals","https://www.coursera.org/learn/learn-to-program","University of Toronto","Coursera","Programming Principles, Debugging, Software Documentation, Python Programming, Computer Programming, Program Development, Integrated Development Environments, Data Structures, File Management","Beginner","Course","1 - 3 Months","4.7"
129,"AI Infrastructure and Operations Fundamentals","https://www.coursera.org/learn/ai-infrastructure-operations-fundamentals","NVIDIA","Coursera","Generative AI, Large Language Modeling, MLOps (Machine Learning Operations), Artificial Intelligence, Cloud Computing, Cloud Infrastructure, Infrastructure Architecture, Data Infrastructure, Artificial Neural Networks, IT Infrastructure, Information Technology Operations, Deep Learning, Network Infrastructure, Tensorflow, Hardware Architecture, Machine Learning, PyTorch (Machine Learning Library), Data Centers, Computer Architecture","Beginner","Course","1 - 4 Weeks","4.6"
130,"AI Security","https://www.coursera.org/learn/ai-security","Infosec","Coursera","Responsible AI, Artificial Intelligence, Artificial Intelligence and Machine Learning (AI/ML), Data Ethics, Governance, Law, Regulation, and Compliance, Program Development, Information Privacy, Legal Strategy, Data Security, Generative AI, Machine Learning, Computer Security, Risk Management","Beginner","Course","1 - 3 Months","4.6"
131,"Exploring Artificial Intelligence Use Cases and Applications","https://www.coursera.org/learn/exploring-artificial-intelligence-use-cases-and-applications","Amazon Web Services","Coursera","Generative AI, Business Metrics, Machine Learning Methods, Applied Machine Learning, Artificial Intelligence and Machine Learning (AI/ML), Machine Learning, Machine Learning Algorithms, Artificial Intelligence, Key Performance Indicators (KPIs), Performance Measurement, Performance Metric, AI Product Strategy, Business Solutions","Beginner","Course","1 - 4 Weeks","4.4"
132,"AI For Everyone","https://www.coursera.org/learn/ai-for-everyone","DeepLearning.AI","Coursera","AI Product Strategy, Responsible AI, Data Ethics, Artificial Intelligence, Machine Learning, Strategic Thinking, Data Science, Deep Learning, Artificial Neural Networks","Beginner","Course","1 - 4 Weeks","4.8"
133,"GenAI for Digital Marketing Specialists","https://www.coursera.org/learn/genai-for-digital-marketing-specialists","Coursera Instructor Network","Coursera","Generative AI, Marketing Analytics, Brand Strategy, Content Creation, Content Marketing, Responsible AI, Brand Management, Brand Awareness, Prompt Engineering, OpenAI, Data Analysis, ChatGPT, Content Strategy","Intermediate","Course","1 - 4 Weeks","4.6"
134,"AI for Everyday Life","https://www.coursera.org/learn/ai-for-everyday-life","Kennesaw State University","Coursera","Prompt Engineering, Generative AI, Google Gemini, ChatGPT, Responsible AI, LLM Application, Artificial Intelligence, Communication, Anthropic Claude, Predictive Modeling","Beginner","Course","1 - 4 Weeks","4.7"
135,"Preparing Data for Analysis with Microsoft Excel","https://www.coursera.org/learn/preparing-data-for-analysis-with-microsoft-excel","Microsoft","Coursera","Excel Formulas, Microsoft Excel, Power BI, Spreadsheet Software, Timelines, Data Analysis, Data Manipulation, Pivot Tables And Charts, Data Cleansing, Data Management","Beginner","Course","1 - 4 Weeks","4.7"
136,"Machine Learning for All","https://www.coursera.org/learn/uol-machine-learning-for-all","University of London","Coursera","Machine Learning, Data Processing, Artificial Intelligence, Data Analysis, Machine Learning Algorithms, Computer Vision, Data Collection, Software Testing","Beginner","Course","1 - 4 Weeks","4.7"
137,"Programming with Generative AI","https://www.coursera.org/learn/programming-with-generative-ai","Indian Institute of Technology Guwahati","Coursera","Microsoft Copilot, Generative AI, GitHub, OpenAI, Software Development Tools, Computer Programming Tools, Microsoft Visual Studio, Artificial Intelligence and Machine Learning (AI/ML), Computer Programming, Innovation","Beginner","Course","1 - 4 Weeks","4.6"
138,"Job Success: Get Hired or Promoted in 3 Steps","https://www.coursera.org/learn/get-hired","The State University of New York","Coursera","Infographics, LinkedIn, Social Media, Professional Development, Professional Networking, Verbal Communication Skills, Recruitment, Data Visualization, Branding","Beginner","Course","1 - 4 Weeks","4.5"
139,"Introduction to Cybersecurity Foundations","https://www.coursera.org/learn/introduction-to-cybersecurity-foundations","Infosec","Coursera","Cybersecurity, Cloud Computing, Network Monitoring, Command-Line Interface, Cloud Services, General Networking, Linux, Windows PowerShell, Virtual Machines","Beginner","Course","1 - 4 Weeks","4.7"
140,"Meta Back-End Developer","https://www.coursera.org/professional-certificates/meta-back-end-developer","Meta","Coursera","Django (Web Framework), Full-Stack Web Development, Version Control, Restful API, Data Structures, Unix Commands, Bootstrap (Front-End Framework), Git (Version Control System), Back-End Web Development, GitHub, Web Design and Development, Relational Databases, Front-End Web Development, Object Oriented Programming (OOP), Database Management Systems, SQL, Database Design, Python Programming, Computer Programming, Cloud Hosting","Beginner","Professional Certificate","3 - 6 Months","4.6"
141,"IBM AI Developer","https://www.coursera.org/professional-certificates/applied-artifical-intelligence-ibm-watson-ai","IBM","Coursera","Prompt Engineering, Software Development Life Cycle, Prompt Patterns, Large Language Modeling, Software Architecture, Generative AI, LangChain, Responsive Web Design, Restful API, LLM Application, Flask (Web Framework), Cascading Style Sheets (CSS), Software Design, Web Design and Development, Application Deployment, Data Import/Export, Python Programming, Engineering Software, Machine Learning, Data Science","Beginner","Professional Certificate","3 - 6 Months","4.6"
142,"IBM Data Analyst","https://www.coursera.org/professional-certificates/ibm-data-analyst","IBM","Coursera","Exploratory Data Analysis, Data Storytelling, Data Wrangling, Dashboard, Data Visualization Software, Plotly, Data Visualization, Generative AI, SQL, Interactive Data Visualization, Data Transformation, Data Analysis, Data Cleansing, Big Data, IBM Cognos Analytics, Excel Formulas, Professional Networking, Data Import/Export, Microsoft Excel, Python Programming","Beginner","Professional Certificate","3 - 6 Months","4.6"
143,"Introduction to Statistics","https://www.coursera.org/learn/stanford-statistics","Stanford University","Coursera","Descriptive Statistics, Statistics, Statistical Methods, Sampling (Statistics), Statistical Analysis, Data Analysis, Statistical Modeling, Statistical Hypothesis Testing, Regression Analysis, Statistical Inference, Probability, Exploratory Data Analysis, Quantitative Research, Probability Distribution","Beginner","Course","1 - 3 Months","4.6"
144,"Learn to code with AI","https://www.coursera.org/learn/learn-to-code-with-ai","Scrimba","Coursera","HTML and CSS, Mobile Development, Web Applications, ChatGPT, GitHub, Front-End Web Development, Javascript, Application Deployment, Web Development, Version Control, Responsive Web Design, Video Game Development, Cascading Style Sheets (CSS), Artificial Intelligence, User Interface (UI) Design, Computer Programming, Database Application, Machine Learning","Beginner","Course","1 - 3 Months","4.7"
145,"Fundamentals of Machine Learning and Artificial Intelligence","https://www.coursera.org/learn/fundamentals-of-machine-learning-and-artificial-intelligence","Amazon Web Services","Coursera","Artificial Intelligence and Machine Learning (AI/ML), Generative AI, Deep Learning, Artificial Intelligence, Amazon Web Services, Applied Machine Learning, Machine Learning","Mixed","Course","1 - 4 Weeks","4.6"
146,"Introduction to Generative AI","https://www.coursera.org/learn/introduction-to-generative-ai","Google Cloud","Coursera","Generative AI, Google Cloud Platform, Artificial Intelligence, Machine Learning Methods, Deep Learning, Natural Language Processing","Beginner","Course","1 - 4 Weeks","4.7"
147,"Human Resources Analytics","https://www.coursera.org/learn/human-resources-analytics","University of California, Irvine","Coursera","Data Storytelling, Data-Driven Decision-Making, Training and Development, Performance Metric, Compensation Management, Human Resources, Human Resource Strategy, Workforce Planning, Business Analytics, Data Analysis, Employee Engagement, Recruitment, Talent Acquisition, Employee Retention","Mixed","Course","1 - 4 Weeks","4.6"
148,"Developing Front-End Apps with React","https://www.coursera.org/learn/developing-frontend-apps-with-react","IBM","Coursera","React Redux, React.js, JavaScript Frameworks, Front-End Web Development, Full-Stack Web Development, UI Components, Web Applications, Web Development, Javascript, Event-Driven Programming, Cascading Style Sheets (CSS), Data Structures","Intermediate","Course","1 - 4 Weeks","4.4"
149,"Data Science Math Skills","https://www.coursera.org/learn/datasciencemathskills","Duke University","Coursera","Probability, Bayesian Statistics, General Mathematics, Calculus, Graphing, Data Science, Data Analysis, Plot (Graphics), Algebra, Geometry, Arithmetic, Derivatives","Beginner","Course","1 - 4 Weeks","4.5"
150,"ChatGPT: Master Free AI Tools to Supercharge Productivity","https://www.coursera.org/specializations/chatgpt-free-ai-tools-to-excel","Vanderbilt University","Coursera","Prompt Engineering, ChatGPT, Prompt Patterns, Generative AI, LLM Application, Productivity, AI Personalization, OpenAI, Artificial Intelligence, Personalized Service, Large Language Modeling, Responsible AI, Artificial Intelligence and Machine Learning (AI/ML), Anthropic Claude, Expense Management, Creative Thinking, Productivity Software, Communication, Planning, Marketing","Beginner","Specialization","3 - 6 Months","4.8"
151,"Generative AI for Everyone","https://www.coursera.org/learn/generative-ai-for-everyone","DeepLearning.AI","Coursera","Prompt Engineering, Responsible AI, Generative AI, Large Language Modeling, AI Product Strategy, Artificial Intelligence, Business Process Automation, Automation, Cloud Applications","Beginner","Course","1 - 4 Weeks","4.8"
152,"AI, Business & the Future of Work","https://www.coursera.org/learn/ai-business-future-of-work","Lund University","Coursera","Organizational Strategy, Artificial Intelligence, Responsible AI, Strategic Thinking, Business Transformation, Business Risk Management, Business Intelligence, Business Ethics, Automation, Thought Leadership, Interviewing Skills, Human Machine Interfaces","Beginner","Course","1 - 4 Weeks","4.6"
153,"Build AI Apps with ChatGPT, Dall-E, and GPT-4","https://www.coursera.org/learn/build-ai-apps-with-chatgpt-dalle-gpt4","Scrimba","Coursera","Prompt Engineering, Application Deployment, ChatGPT, OpenAI, Serverless Computing, Cloud Applications, LLM Application, Responsible AI, Application Programming Interface (API), Generative AI, Web Applications, Application Security, Artificial Intelligence, Web Development Tools, Image Analysis, Real Time Data","Intermediate","Course","1 - 3 Months","4.4"
154,"Accelerate Your Learning with ChatGPT","https://www.coursera.org/learn/learning-chatgpt","Deep Teaching Solutions","Coursera","Prompt Engineering, Multimodal Prompts, Creative Thinking, AI Personalization, ChatGPT, Learning Strategies, Curiosity, Critical Thinking, Lifelong Learning, Generative AI, Artificial Intelligence, Constructive Feedback, Artificial Neural Networks, Technical Communication","Beginner","Course","1 - 4 Weeks","4.8"
155,"Generative AI Software Engineering","https://www.coursera.org/specializations/generative-ai-software-engineering","Vanderbilt University","Coursera","Prompt Engineering, ChatGPT, Generative AI Agents, Prompt Patterns, Anthropic Claude, Generative AI, Multimodal Prompts, LLM Application, Productivity, OpenAI, AI Personalization, Agentic systems, Artificial Intelligence and Machine Learning (AI/ML), Software Engineering, Software Development Tools, Software Development, Software Architecture, Automation, Software Testing, Software Design","Beginner","Specialization","3 - 6 Months","4.8"
156,"Artificial Intelligence (AI) Education for Teachers","https://www.coursera.org/learn/artificial-intelligence-education-for-teachers","Macquarie University","Coursera","Data Ethics, Responsible AI, Computational Thinking, Design Thinking, Ideation, Artificial Intelligence, Education Software and Technology, Creativity, Ethical Standards And Conduct, Artificial Intelligence and Machine Learning (AI/ML), Data Literacy, Data-Driven Decision-Making, Machine Learning, Data Quality, Analysis, Data Processing, Computer Science, Computer Programming, Algorithms","Beginner","Course","1 - 3 Months","4.7"
157,"A Comprehensive Excel Masterclass","https://www.coursera.org/learn/illinois-tech-a-comprehensive-excel-masterclass-unleashing-business-potential","Illinois Tech","Coursera","Capital Budgeting, Data Visualization, Microsoft Excel, Dashboard, Business Intelligence, Interactive Data Visualization, Excel Formulas, Financial Analysis, Data Analysis Expressions (DAX), Pivot Tables And Charts, Key Performance Indicators (KPIs), Google Sheets, Financial Modeling, Data-Driven Decision-Making, Loans","Intermediate","Course","1 - 4 Weeks","4.8"
158,"Responsible AI Practices","https://www.coursera.org/learn/responsible-artificial-intelligence-practices","Amazon Web Services","Coursera","Responsible AI, Human Centered Design, Data Ethics, Artificial Intelligence, Amazon Web Services, Machine Learning","Beginner","Course","1 - 4 Weeks","3.8"
159,"Generative AI Fundamentals","https://www.coursera.org/specializations/generative-ai-for-everyone","IBM","Coursera","Prompt Engineering, Generative AI, Prompt Patterns, Generative Model Architectures, Responsible AI, OpenAI, ChatGPT, AI Product Strategy, Data Ethics, Large Language Modeling, Leadership and Management, LLM Application, Strategic Leadership, Risking, Business Ethics, Legal Risk, Artificial Intelligence and Machine Learning (AI/ML), Business Development, Deep Learning, Content Creation","Beginner","Specialization","3 - 6 Months","4.7"
160,"Overview of Data Visualization","https://www.coursera.org/projects/overview-data-visualization","Coursera Project Network","Coursera","Data Visualization, Data Literacy, Data Presentation, Google Sheets, Data Compilation, Data Visualization Software, Graphing, Spreadsheet Software","Beginner","Guided Project","Less Than 2 Hours","4.6"
161,"Microsoft 365 Fundamentals","https://www.coursera.org/specializations/microsoft-365-fundamentals","Microsoft","Coursera","Multimedia, Microsoft PowerPoint, Microsoft Excel, Excel Formulas, Microsoft Word, Microsoft 365, Data Visualization, Presentations, Spreadsheet Software, Microsoft Office, Productivity Software, Collaborative Software, Data Import/Export, Microsoft Windows, Proofreading, Editing, Document Management, Technical Documentation, Writing, Computer Literacy","Beginner","Specialization","3 - 6 Months","4.7"
162,"Problem Solving, Python Programming, and Video Games","https://www.coursera.org/learn/problem-solving-programming-video-games","University of Alberta","Coursera","Computational Thinking, Video Game Development, Game Design, Programming Principles, Animation and Game Design, Software Quality (SQA/SQC), Problem Solving, Computer Programming, Program Development, Software Engineering, Python Programming, Algorithms, Object Oriented Programming (OOP), Pseudocode, Data Structures, Application Design, Debugging, Computer Science, Test Planning","Beginner","Course","1 - 3 Months","4.3"
163,"Interactive and Immersive Experiences with Generative AI","https://www.coursera.org/learn/interactive-and-immersive-experiences-with-generative-ai","Coursera Instructor Network","Coursera","AI Personalization, Generative AI, Virtual Environment, Augmented and Virtual Reality (AR/VR), Artificial Intelligence, Creativity, Storytelling, Game Design, Interactive Design, Persona (User Experience), Prompt Engineering, Storyboarding, Innovation, Media Production","Intermediate","Course","1 - 4 Weeks","4.4"
164,"Practice Exam for CompTIA Tech+ Certification","https://www.coursera.org/learn/practice-exam-for-comptia-itf-plus-certification","IBM","Coursera","Cloud Infrastructure, Computer Programming, Artificial Intelligence, Mockups, Network Security","Intermediate","Course","1 - 4 Weeks","4.8"
165,"AWS Fundamentals","https://www.coursera.org/specializations/aws-fundamentals","Amazon Web Services","Coursera","AWS Identity and Access Management (IAM), Amazon CloudWatch, Amazon DynamoDB, Amazon Web Services, Serverless Computing, Cloud Computing, Amazon S3, Scalability, Amazon Elastic Compute Cloud, Event-Driven Programming, Solution Architecture, Cloud Computing Architecture, Data Migration, Cloud Storage, Software Architecture, API Gateway, Cloud Management, Cloud Infrastructure, Cloud Security, Data Import/Export","Beginner","Specialization","1 - 3 Months","4.8"
166,"AI for Education (Intermediate)","https://www.coursera.org/learn/ai-for-education-intermediate","Kennesaw State University","Coursera","Prompt Engineering, Responsible AI, Generative AI, Education Software and Technology, ChatGPT, Peer Review, Verbal Communication Skills, Artificial Intelligence, Differentiated Instruction","Intermediate","Course","1 - 4 Weeks","4.5"
167,"AI Materials","https://www.coursera.org/learn/ai-materials","Korea Advanced Institute of Science and Technology(KAIST)","Coursera","Artificial Intelligence, Materials science, Image Analysis, Computer Vision, Manufacturing Processes, Machine Learning, Deep Learning","Beginner","Course","1 - 3 Months","4.7"
168,"Create Your First Python Program From UST","https://www.coursera.org/projects/first-python-program-ust","Coursera Project Network","Coursera","Python Programming, Command-Line Interface, Programming Principles, Computer Programming, Scripting, Scripting Languages, Development Environment","Beginner","Guided Project","Less Than 2 Hours","4.6"
169,"Multi AI Agent Systems with crewAI","https://www.coursera.org/projects/multi-ai-agent-systems-with-crewai","DeepLearning.AI","Coursera","Generative AI Agents, Artificial Intelligence, LLM Application, Agentic systems, Business Process Automation, Automation, Tool Calling, Debugging, Prompt Engineering, Coordination, Prioritization","Beginner","Project","Less Than 2 Hours","4.8"
170,"Landing.AI for Beginners: Build Data Visualization AI Models","https://www.coursera.org/learn/landing-ai-for-beginners-build-data-visualization-ai-models","Coursera Project Network","Coursera","Generative AI, Image Analysis, Application Deployment, Computer Vision, Visualization (Computer Graphics), Cloud Computing, Deep Learning, Supervised Learning","Beginner","Course","1 - 4 Weeks","4.4"
171,"Preparing for Google Cloud Certification: Cloud Developer","https://www.coursera.org/professional-certificates/google-cloud-developer","Google Cloud","Coursera","Google Gemini, Cloud Applications, Google Cloud Platform, Containerization, Cloud Infrastructure, Application Deployment, Prompt Engineering, CI/CD, Kubernetes, Cloud Development, Microservices, Docker (Software), Application Development, Serverless Computing, Identity and Access Management, Cloud Services, Virtual Machines, Cloud Computing, Cloud Storage, Debugging","Intermediate","Professional Certificate","3 - 6 Months","4.7"
172,"Create Charts and Dashboards Using Microsoft Excel","https://www.coursera.org/projects/create-charts-dashboards-using-microsoft-excel","Coursera Project Network","Coursera","Dashboard, Microsoft Excel, Microsoft 365, Microsoft Office, Spreadsheet Software, Data Visualization, Trend Analysis, Data Analysis","Intermediate","Guided Project","Less Than 2 Hours","4.6"
173,"Machine Learning Pipelines with Azure ML Studio","https://www.coursera.org/projects/azure-machine-learning-studio-pipeline","Coursera Project Network","Coursera","Applied Machine Learning, Classification And Regression Tree (CART), Predictive Modeling, Microsoft Azure, No-Code Development, Machine Learning, Feature Engineering, Data Pipelines, Data Science, Data Analysis, Data Processing, Application Deployment","Beginner","Guided Project","Less Than 2 Hours","4.5"
174,"Google Advanced Data Analytics","https://www.coursera.org/professional-certificates/google-advanced-data-analytics","Google","Coursera","Data Storytelling, Data Visualization, Data Ethics, Exploratory Data Analysis, Sampling (Statistics), Data Presentation, Data Visualization Software, Feature Engineering, Regression Analysis, Descriptive Statistics, Statistical Hypothesis Testing, Advanced Analytics, Data Analysis, Tableau Software, Data Science, Statistical Analysis, Machine Learning, Object Oriented Programming (OOP), Interviewing Skills, Python Programming","Advanced","Professional Certificate","3 - 6 Months","4.7"
175,"Google Business Intelligence","https://www.coursera.org/professional-certificates/google-business-intelligence","Google","Coursera","Data Modeling, Stakeholder Engagement, Database Design, Dashboard, Business Intelligence, Extract, Transform, Load, Tableau Software, Data Warehousing, Data Pipelines, Data Integrity, Data Validation, Data-Driven Decision-Making, Data Visualization, Interviewing Skills, Business Process, Business Analysis, Professional Development, Google Gemini, Data Analysis, SQL","Advanced","Professional Certificate","3 - 6 Months","4.8"
176,"Data Science Challenge","https://www.coursera.org/projects/data-science-challenge","Coursera Project Network","Coursera","Applied Machine Learning, Jupyter, Machine Learning, Predictive Modeling, Data Science, Python Programming, Predictive Analytics, Data Analysis","Intermediate","Guided Project","Less Than 2 Hours","4.7"
177,"Mathematics for Machine Learning","https://www.coursera.org/specializations/mathematics-machine-learning","Imperial College London","Coursera","Linear Algebra, Dimensionality Reduction, NumPy, Regression Analysis, Calculus, Applied Mathematics, Probability & Statistics, Machine Learning Algorithms, Jupyter, Data Science, Advanced Mathematics, Statistics, Statistical Analysis, Artificial Neural Networks, Algorithms, Data Manipulation, Python Programming, Machine Learning, Derivatives","Beginner","Specialization","3 - 6 Months","4.6"
178,"Introduction to Business Analysis Using Spreadsheets: Basics","https://www.coursera.org/projects/business-analysis-using-spreadsheets","Coursera Project Network","Coursera","Google Sheets, Data Visualization, Spreadsheet Software, Data Presentation, Data Analysis, Data Visualization Software, Business Analytics, Productivity Software, Business Analysis, Data Manipulation, Descriptive Statistics, Analysis, Statistics, Excel Formulas, Data Cleansing, Mathematical Software","Beginner","Guided Project","Less Than 2 Hours","4.3"
179,"Code Free Data Science","https://www.coursera.org/learn/code-free-data-science","University of California San Diego","Coursera","Predictive Modeling, Data Manipulation, Predictive Analytics, Big Data, Data Processing, Data Mining, Data Analysis, Data Science, Data-Driven Decision-Making, Unsupervised Learning, Statistical Analysis, Analytics, No-Code Development, Software Installation","Beginner","Course","1 - 4 Weeks","4.3"
180,"Data Analysis and Presentation Skills: the PwC Approach","https://www.coursera.org/specializations/pwc-analytics","PwC","Coursera","Analytics, Data Visualization, Business Analytics, Data Analysis, Microsoft PowerPoint, Data Presentation, Presentations, Excel Formulas, Data-Driven Decision-Making, Dashboard, Business Intelligence, Microsoft Excel, Customer Analysis, Data Visualization Software, Big Data, Data Storytelling, Target Audience, Business Consulting, Spreadsheet Software, Data Cleansing","Beginner","Specialization","3 - 6 Months","4.6"
181,"Python 3 Programming","https://www.coursera.org/specializations/python-3-programming","University of Michigan","Coursera","Unified Modeling Language, JSON, Object Oriented Programming (OOP), Software Design, Debugging, Object Oriented Design, Data Processing, Web Scraping, Unit Testing, Programming Principles, Python Programming, Data Import/Export, Restful API, Image Analysis, Data Manipulation, Jupyter, Computer Programming, Data Structures, Software Engineering, File Management","Beginner","Specialization","3 - 6 Months","4.8"
182,"Business and Financial Modeling","https://www.coursera.org/specializations/wharton-business-financial-modeling","University of Pennsylvania","Coursera","Risk Modeling, Financial Statements, Probability Distribution, Mathematical Modeling, Statistical Modeling, Portfolio Management, Regression Analysis, Business Modeling, Financial Modeling, Strategic Decision-Making, Risk Management, Presentations, Decision Making, Data Visualization, Microsoft PowerPoint, Predictive Modeling, Investment Management, Spreadsheet Software, Google Sheets, Microsoft Excel","Beginner","Specialization","3 - 6 Months","4.5"
183,"Data Engineering Foundations","https://www.coursera.org/specializations/data-engineering-foundations","IBM","Coursera","Web Scraping, Database Design, SQL, MySQL, Data Transformation, Data Store, IBM DB2, Extract, Transform, Load, Data Architecture, Data Pipelines, Big Data, Databases, Data Warehousing, Data Governance, Database Management Systems, Relational Databases, Stored Procedure, Data Import/Export, Programming Principles, Python Programming","Beginner","Specialization","3 - 6 Months","4.6"
184,"Google IT Automation with Python","https://www.coursera.org/professional-certificates/google-it-automation","Google","Coursera","Git (Version Control System), GitHub, Version Control, Cloud Services, Debugging, Puppet (Configuration Management Tool), Infrastructure as Code (IaC), Bash (Scripting Language), CI/CD, Cloud Computing, Technical Communication, Unit Testing, Web Services, Email Automation, Configuration Management, Automation, Python Programming, Interviewing Skills, Professional Development, Scripting","Advanced","Professional Certificate","3 - 6 Months","4.8"
185,"HTML, CSS, and Javascript for Web Developers","https://www.coursera.org/specializations/html-css-javascript-for-web-developers","Johns Hopkins University","Coursera","Cascading Style Sheets (CSS), HTML and CSS, Javascript, Ajax, Responsive Web Design, Bootstrap (Front-End Framework), Front-End Web Development, Web Design, Hypertext Markup Language (HTML), Browser Compatibility, Web Design and Development, Web Development, JSON, Web Applications, Scripting, Usability, Cross Platform Development, Object Oriented Programming (OOP), Event-Driven Programming, User Interface and User Experience (UI/UX) Design","Beginner","Specialization","1 - 3 Months","4.7"
186,"Excel Skills for Business","https://www.coursera.org/specializations/excel","Macquarie University","Coursera","Microsoft Excel, Dashboard, Excel Formulas, Spreadsheet Software, Data Visualization, Excel Macros, Data Validation, Data Cleansing, Data Analysis Expressions (DAX), Data Modeling, Financial Forecasting, Data Management, Business Intelligence Software, Consolidation, Data Integrity, Data Entry, Business Reporting, Productivity Software, Financial Modeling, Loans","Beginner","Specialization","3 - 6 Months","4.9"
187,"Geliştiriciler için Üretken Yapay Zeka","https://www.coursera.org/specializations/gelistiricilier-uretken-yapay-zeka-tr","Google Cloud","Coursera","Responsible AI, Prompt Engineering, Google Gemini, Prompt Patterns, Generative AI, Multimodal Prompts, Cloud Security, Keras (Neural Network Library), Google Cloud Platform, Generative Model Architectures, Data Ethics, Tensorflow, Information Privacy, Application Security, Artificial Intelligence, Image Analysis, Semantic Web, Natural Language Processing, Artificial Intelligence and Machine Learning (AI/ML), Machine Learning","Advanced","Specialization","3 - 6 Months","4.4"
188,"IBM Data Warehouse Engineer","https://www.coursera.org/professional-certificates/data-warehouse-engineering","IBM","Coursera","Data Warehousing, SQL, Extract, Transform, Load, Apache Airflow, Linux Commands, Database Design, IBM Cognos Analytics, MySQL, Database Administration, Data Pipelines, Apache Kafka, Database Management, Bash (Scripting Language), Shell Script, Database Architecture and Administration, Data Store, IBM DB2, Data Visualization, Relational Databases, Dashboard","Beginner","Professional Certificate","3 - 6 Months","4.7"
189,"Generative AI for Data Engineers","https://www.coursera.org/specializations/generative-ai-for-data-engineers","IBM","Coursera","Prompt Engineering, Prompt Patterns, Generative AI, Database Design, Data Pipelines, Query Languages, Extract, Transform, Load, ChatGPT, Responsible AI, Data Warehousing, Data Ethics, Data Infrastructure, Data Architecture, Data Mining, Data Synthesis, Artificial Intelligence and Machine Learning (AI/ML), Data Analysis, Artificial Intelligence, Machine Learning, Data Quality","Intermediate","Specialization","1 - 3 Months","4.7"
190,"Prompt Engineering","https://www.coursera.org/specializations/prompt-engineering","Vanderbilt University","Coursera","Prompt Engineering, ChatGPT, Prompt Patterns, Ideation, Verification And Validation, Data Presentation, LLM Application, Productivity, OpenAI, Document Management, Responsible AI, Generative AI, Large Language Modeling, Risk Management Framework, Artificial Intelligence and Machine Learning (AI/ML), Artificial Intelligence, Creative Thinking, Problem Solving, Data Analysis, Information Management","Beginner","Specialization","1 - 3 Months","4.8"
191,"Generative AI for Software Developers","https://www.coursera.org/specializations/generative-ai-for-software-developers","IBM","Coursera","Prompt Engineering, Prompt Patterns, Generative AI, Large Language Modeling, Responsible AI, ChatGPT, Artificial Intelligence, Software Development Tools, Software Testing, Test Automation, Software Development, DevSecOps, Application Security, CI/CD, Natural Language Processing, Software Engineering, Artificial Intelligence and Machine Learning (AI/ML), Software Architecture, Machine Learning","Intermediate","Specialization","1 - 3 Months","4.7"
192,"Digital Marketing","https://www.coursera.org/specializations/digital-marketing","University of Illinois Urbana-Champaign","Coursera","Data Storytelling, Marketing Analytics, Keyword Research, Email Marketing, Customer experience strategy (CX), Case Studies, Strategic Communication, Search Engine Marketing, Marketing Communications, Digital Marketing, Analytics, Data Visualization Software, Digital Media Strategy, Campaign Management, Business Analytics, Marketing, Web Analytics, Marketing Strategies, Data Analysis, Data Visualization","Beginner","Specialization","3 - 6 Months","4.7"
193,"Cloud Application Development Foundations","https://www.coursera.org/specializations/ibm-cloud-application-development-foundations","IBM","Coursera","Cloud Computing Architecture, React Redux, Cloud-Native Computing, Cloud Services, Node.JS, NoSQL, MongoDB, Web Design and Development, Agile Methodology, React.js, Cloud Security, Cloud Technologies, Hypertext Markup Language (HTML), HTML and CSS, Server Side, Full-Stack Web Development, Cloud Applications, JavaScript Frameworks, DevOps, Python Programming","Beginner","Specialization","3 - 6 Months","4.6"
194,"Generative AI for Human Resources (HR) Professionals","https://www.coursera.org/specializations/generative-ai-for-human-resources","IBM","Coursera","Prompt Engineering, Prompt Patterns, Generative AI, Responsible AI, HR Tech, Human Resources Management and Planning, ChatGPT, Human Resources, Workforce Planning, Human Resource Strategy, Data Ethics, LLM Application, Artificial Intelligence, Artificial Intelligence and Machine Learning (AI/ML), Data-Driven Decision-Making, Employee Engagement, Recruitment, Machine Learning, Performance Appraisal, Employee Onboarding","Intermediate","Specialization","1 - 3 Months","4.7"
195,"Using Python to Access Web Data","https://www.coursera.org/learn/python-network-data","University of Michigan","Coursera","Web Scraping, JSON, Network Protocols, Web Services, Restful API, Application Programming Interface (API), Extensible Markup Language (XML), Data Import/Export, Data Access, TCP/IP, Python Programming, Hypertext Markup Language (HTML), Data Capture, Software Installation, Development Environment","Beginner","Course","1 - 3 Months","4.8"
196,"Applied Software Engineering Fundamentals","https://www.coursera.org/specializations/software-engineering-fundamentals","IBM","Coursera","Software Development Life Cycle, Linux Commands, Software Architecture, Bash (Scripting Language), Restful API, Shell Script, Git (Version Control System), GitHub, Flask (Web Framework), Software Design, Version Control, File Management, Web Design and Development, Application Deployment, Linux, Software Development Methodologies, Data Import/Export, Programming Principles, Web Scraping, Python Programming","Beginner","Specialization","3 - 6 Months","4.6"
197,"Key Technologies for Business","https://www.coursera.org/specializations/key-technologies-for-business","IBM","Coursera","Cloud Computing Architecture, Cloud Services, Cloud Security, Cloud Technologies, Data Literacy, Cloud Infrastructure, Data Mining, Cloud Platforms, Cloud Hosting, Cloud Engineering, Cloud Computing, Generative AI, Responsible AI, LLM Application, Big Data, Data Analysis, Data Science, Natural Language Processing, Market Opportunities, Business","Beginner","Specialization","3 - 6 Months","4.7"
198,"Data Science Fundamentals with Python and SQL","https://www.coursera.org/specializations/data-science-fundamentals-python-sql","IBM","Coursera","Dashboard, SQL, Descriptive Statistics, Jupyter, Statistical Analysis, Data Analysis, Probability Distribution, Pandas (Python Package), Statistics, Data Visualization, Statistical Hypothesis Testing, Web Scraping, Relational Databases, Stored Procedure, Data Import/Export, Data Science, Programming Principles, Computer Programming Tools, Data Visualization Software, Python Programming","Beginner","Specialization","3 - 6 Months","4.6"
199,"Data Science: Statistics and Machine Learning","https://www.coursera.org/specializations/data-science-statistics-machine-learning","Johns Hopkins University","Coursera","Shiny (R Package), Rmarkdown, Regression Analysis, Exploratory Data Analysis, Statistical Inference, Predictive Modeling, Statistical Hypothesis Testing, Machine Learning Algorithms, Plotly, Interactive Data Visualization, Probability & Statistics, Data Presentation, Data Visualization, Feature Engineering, Statistical Analysis, Statistical Modeling, R Programming, Data Science, Machine Learning, GitHub","Intermediate","Specialization","3 - 6 Months","4.4"
200,"Introduction to Data Science in Python","https://www.coursera.org/learn/python-data-analysis","University of Michigan","Coursera","Pandas (Python Package), Jupyter, NumPy, Data Manipulation, Data Science, Data Analysis, Statistical Analysis, Pivot Tables And Charts, Data Cleansing, Data Import/Export, Probability & Statistics, Python Programming, Programming Principles","Intermediate","Course","1 - 4 Weeks","4.5"
201,"Prepare Data for Exploration","https://www.coursera.org/learn/data-preparation","Google","Coursera","Data Ethics, Data Analysis, Data Literacy, Data Security, Google Sheets, Databases, Data Storage, Data Quality, Data Management, Data Collection, SQL, Data Import/Export, Metadata Management, Unstructured Data","Beginner","Course","1 - 3 Months","4.8"
202,"Generative AI for Business Intelligence (BI) Analysts","https://www.coursera.org/specializations/generative-ai-for-business-intelligence-analysts","IBM","Coursera","Prompt Engineering, Prompt Patterns, Generative AI, Interactive Data Visualization, Business Intelligence, Data Presentation, Infographics, Data Visualization, ChatGPT, Dashboard, Data Storytelling, Data Visualization Software, Artificial Intelligence, Artificial Intelligence and Machine Learning (AI/ML), Large Language Modeling, SQL, Data Analysis, Responsible AI, Machine Learning, Business Ethics","Intermediate","Specialization","1 - 3 Months","4.7"
203,"Data Science: Foundations using R","https://www.coursera.org/specializations/data-science-foundations-r","Johns Hopkins University","Coursera","Rmarkdown, Exploratory Data Analysis, Version Control, Statistical Analysis, R Programming, Data Manipulation, Data Cleansing, Data Science, Data Wrangling, Plot (Graphics), Statistical Programming, Statistical Visualization, Ggplot2, R (Software), Dimensionality Reduction, Data Visualization Software, Knitr, Data Sharing, GitHub, Machine Learning","Beginner","Specialization","3 - 6 Months","4.6"
204,"Using Databases with Python","https://www.coursera.org/learn/python-databases","University of Michigan","Coursera","Data Store, Relational Databases, Database Design, SQL, Databases, Web Scraping, Data Modeling, Database Systems, Database Management, Data Visualization Software, Object Oriented Programming (OOP), Data Processing, Python Programming, Application Programming Interface (API)","Beginner","Course","1 - 3 Months","4.8"
205,"Creative Coding: Hands-On Python","https://www.coursera.org/specializations/creative-coding","University of Michigan","Coursera","Debugging, Unit Testing, Relational Databases, Object Oriented Programming (OOP), Data Transformation, Databases, Data Visualization Software, Object Oriented Design, Web Scraping, Data Science, Creative Design, Scatter Plots, Data Structures, Programming Principles, Integrated Development Environments, Python Programming, Development Testing, Computer Programming, Program Development, Diversity and Inclusion","Intermediate","Specialization","3 - 6 Months","3.8"
206,"Generative AI for Project Managers","https://www.coursera.org/specializations/generative-ai-for-project-managers","IBM","Coursera","Prompt Engineering, Prompt Patterns, Generative AI, Responsible AI, ChatGPT, Project Management, LLM Application, Project Management Life Cycle, Case Studies, Work Breakdown Structure, Artificial Intelligence, Artificial Intelligence and Machine Learning (AI/ML), Project Documentation, Machine Learning, Ethical Standards And Conduct","Intermediate","Specialization","1 - 3 Months","4.7"
207,"Applied Data Science with Python","https://www.coursera.org/specializations/data-science-python","University of Michigan","Coursera","Matplotlib, Network Analysis, Social Network Analysis, Feature Engineering, Data Visualization, Data Visualization Software, Interactive Data Visualization, Scientific Visualization, Pandas (Python Package), Applied Machine Learning, Supervised Learning, Text Mining, Visualization (Computer Graphics), Statistical Visualization, Jupyter, NumPy, Graph Theory, Natural Language Processing, Python Programming, Data Processing","Intermediate","Specialization","3 - 6 Months","4.5"
208,"Neuroscience and Neuroimaging","https://www.coursera.org/specializations/computational-neuroscience","Johns Hopkins University","Coursera","Magnetic Resonance Imaging, Neurology, Medical Imaging, Diagnostic Radiology, Anatomy, Image Analysis, Data Analysis, X-Ray Computed Tomography, Correlation Analysis, Data Manipulation, Radiology, Analytical Skills, Experimentation, Research Design, Statistical Analysis, Biomedical Technology, Advanced Analytics, Network Analysis, R Programming, Statistics","Intermediate","Specialization","3 - 6 Months","4.7"
209,"Introduction to Cloud Computing","https://www.coursera.org/learn/introduction-to-cloud","IBM","Coursera","Cloud Computing Architecture, Cloud Services, Cloud Security, Cloud Technologies, Cloud Infrastructure, Cloud Platforms, Cloud Hosting, Cloud Engineering, Cloud Computing, Cloud Solutions, Cloud Development, Cloud Storage, Infrastructure As A Service (IaaS), Software As A Service, Emerging Technologies, Cloud-Native Computing, Cloud Management, Hybrid Cloud Computing, IBM Cloud, DevOps","Beginner","Course","1 - 3 Months","4.6"
210,"IBM Business Analyst","https://www.coursera.org/professional-certificates/ibm-business-analyst-professional-certificate","IBM","Coursera","Data Storytelling, Risk Mitigation, Business Analysis, Business Process Modeling, Risk Analysis, Project Scoping, Process Flow Diagrams, Stakeholder Analysis, Process Optimization, Data Visualization, Requirements Management, Prompt Engineering, Risk Management, Stakeholder Management, Digital Transformation, Responsible AI, Excel Formulas, Microsoft Excel, Business Analytics, Business Requirements","Beginner","Professional Certificate","3 - 6 Months","4.7"
211,"Assess for Success: Marketing Analytics and Measurement","https://www.coursera.org/learn/assess-for-success","Google","Coursera","Media Planning, Spreadsheet Software, A/B Testing, Return On Investment, Marketing Analytics, Key Performance Indicators (KPIs), Google Analytics, Pivot Tables And Charts, Performance Measurement, Digital Marketing, Data Presentation, Data Visualization, Google Ads, Marketing Budgets, Marketing, Web Analytics and SEO, Data Analysis, Stakeholder Communications","Beginner","Course","1 - 4 Weeks","4.6"
212,"Reinforcement Learning","https://www.coursera.org/specializations/reinforcement-learning","University of Alberta","Coursera","Reinforcement Learning, Machine Learning, Sampling (Statistics), Artificial Intelligence and Machine Learning (AI/ML), Artificial Intelligence, Machine Learning Algorithms, Deep Learning, Simulations, Feature Engineering, Markov Model, Supervised Learning, Algorithms, Artificial Neural Networks, Performance Testing, Linear Algebra, Performance Tuning, Predictive Modeling, Pseudocode, Probability Distribution","Intermediate","Specialization","3 - 6 Months","4.7"
213,"Coding for Everyone: C and C++","https://www.coursera.org/specializations/coding-for-everyone","University of California, Santa Cruz","Coursera","C++ (Programming Language), Debugging, C (Programming Language), C and C++, Object Oriented Programming (OOP), Software Design Patterns, Code Review, Data Structures, Computer Programming, Algorithms, Command-Line Interface, Data-oriented programming, Programming Principles, Graph Theory, Computer Science, Computational Thinking, Artificial Intelligence, Integrated Development Environments, Software Technical Review, Game Design","Beginner","Specialization","3 - 6 Months","4.5"
214,"Linear Algebra for Machine Learning and Data Science","https://www.coursera.org/learn/machine-learning-linear-algebra","DeepLearning.AI","Coursera","Linear Algebra, NumPy, Dimensionality Reduction, Machine Learning Methods, Data Transformation, Data Manipulation, Data Science, Applied Mathematics, Mathematical Modeling, Machine Learning, Python Programming","Intermediate","Course","1 - 4 Weeks","4.6"
215,"Mathematics for Machine Learning and Data Science","https://www.coursera.org/specializations/mathematics-for-machine-learning-and-data-science","DeepLearning.AI","Coursera","Descriptive Statistics, Bayesian Statistics, Statistical Hypothesis Testing, Probability & Statistics, Sampling (Statistics), Probability Distribution, Linear Algebra, Statistical Inference, A/B Testing, Statistical Analysis, Applied Mathematics, NumPy, Probability, Calculus, Dimensionality Reduction, Numerical Analysis, Mathematical Modeling, Machine Learning, Machine Learning Methods, Data Transformation","Intermediate","Specialization","1 - 3 Months","4.6"
