"course_id","title","link","provider","platform","skills","level","credential","duration"
1,"IBM Generative AI Engineering","https://www.coursera.org/professional-certificates/ibm-generative-ai-engineering","IBM","Coursera","Exploratory Data Analysis, Prompt Engineering, Data Wrangling, LangChain, Large Language Modeling, Prompt Patterns, Generative AI, Unsupervised Learning, PyTorch (Machine Learning Library), Keras (Neural Network Library), Data Transformation, Flask (Web Framework), Supervised Learning, Data Analysis, Data Cleansing, Data Manipulation, Unit Testing, Responsible AI, LLM Application, Data Import/Export","Beginner","Professional Certificate","3 - 6 Months"
2,"IBM AI Developer","https://www.coursera.org/professional-certificates/applied-artifical-intelligence-ibm-watson-ai","IBM","Coursera","Prompt Engineering, Software Development Life Cycle, Prompt Patterns, Large Language Modeling, Software Architecture, Generative AI, LangChain, Responsive Web Design, LLM Application, Flask (Web Framework), Cascading Style Sheets (CSS), Unit Testing, Responsible AI, Software Design, Web Design and Development, Data Import/Export, Python Programming, Engineering Software, Machine Learning, Data Science","Beginner","Professional Certificate","3 - 6 Months"
3,"Machine Learning with Scikit-learn, PyTorch & Hugging Face","https://www.coursera.org/professional-certificates/machine-learning-scikit-learn-pytorch-hugging-face","Coursera","Coursera","Generative AI, Supervised Learning, Generative Model Architectures, Unsupervised Learning, Large Language Modeling, Time Series Analysis and Forecasting, Exploratory Data Analysis, LLM Application, Applied Machine Learning, Data Collection, Machine Learning Algorithms, OpenAI, Feature Engineering, Data Ethics, Dimensionality Reduction, MLOps (Machine Learning Operations), Machine Learning, Multimodal Prompts, Data Processing, Network Architecture","Intermediate","Professional Certificate","3 - 6 Months"
4,"Google Cybersecurity","https://www.coursera.org/professional-certificates/google-cybersecurity","Google","Coursera","Threat Modeling, Network Security, Threat Management, Incident Response, Vulnerability Management, Computer Security Incident Management, Hardening, Intrusion Detection and Prevention, Security Management, Cyber Threat Intelligence, Cyber Attacks, Cybersecurity, Network Protocols, Cloud Security, Bash (Scripting Language), Debugging, Linux, Interviewing Skills, Python Programming, SQL","Beginner","Professional Certificate","3 - 6 Months"
5,"Google Project Management","https://www.coursera.org/professional-certificates/google-project-management","Google","Coursera","Quality Management, Project Management Life Cycle, Requirements Analysis, Project Scoping, Project Closure, Project Management, Project Planning, Agile Project Management, Continuous Improvement Process, Project Controls, Backlogs, Milestones (Project Management), Project Risk Management, Stakeholder Analysis, Quality Assessment, Team Management, Agile Methodology, Change Management, Interviewing Skills, Professional Development","Beginner","Professional Certificate","3 - 6 Months"
6,"Google UX Design","https://www.coursera.org/professional-certificates/google-ux-design","Google","Coursera","Responsive Web Design, Storyboarding, Wireframing, User Experience Design, UI/UX Research, Usability Testing, Information Architecture, Presentations, User Research, Figma (Design Software), Design Reviews, Persona (User Experience), Web Content Accessibility Guidelines, Mobile Development, User Story, Data Ethics, Usability, User Centered Design, Interviewing Skills, Professional Development","Beginner","Professional Certificate","3 - 6 Months"
7,"Epic Games Game Design","https://www.coursera.org/professional-certificates/epic-games-game-design-professional-certificate","Epic Games","Coursera","Unreal Engine, Game Design, Video Game Development, Animation and Game Design, Ideation, 3D Modeling, Visualization (Computer Graphics), Software Documentation, Software Design Documents, 3D Assets, User Experience Design, Computer Graphics, Usability, User Interface (UI), User Experience, User Interface (UI) Design, Interactive Design, Virtual Environment, Version Control, Prototyping","Beginner","Professional Certificate","3 - 6 Months"
8,"Microsoft Public Relations and Communications Associate","https://www.coursera.org/professional-certificates/microsoft-public-relations","Microsoft","Coursera","Media Relations, Proofreading, Public Relations, Stakeholder Analysis, Integrated Marketing Communications, Marketing Communications, Public Affairs, Content Management, Web Content, Performance Reporting, Storytelling, Content Management Systems, Press Releases, Strategic Communication, Content Strategy, Report Writing, Content Marketing, Social Media Content, Marketing Effectiveness, Generative AI","Beginner","Professional Certificate","3 - 6 Months"
9,"Adobe Graphic Designer","https://www.coursera.org/professional-certificates/adobe-graphic-designer","Adobe","Coursera","Adobe Illustrator, Adobe Photoshop, Responsible AI, Logo Design, Digital Design, Generative AI, Graphic Design, User Interface and User Experience (UI/UX) Design, Visual Design, File Management, Process Design, Design Reviews, Prompt Engineering, Image Analysis, Presentations, Client Services, Content Creation, Marketing Collateral, Branding, Storytelling","Beginner","Professional Certificate","3 - 6 Months"
10,"Microsoft SQL Server","https://www.coursera.org/professional-certificates/microsoft-sql-server","Microsoft","Coursera","Stored Procedure, Star Schema, Microsoft SQL Servers, Database Design, Relational Databases, Data Integrity, Data Integration, SQL, Transaction Processing, Power BI, Data Warehousing, Database Management, Transact-SQL, Database Development, Data Maintenance, Databases, Query Languages, Database Architecture and Administration, Database Systems, Data Management","Beginner","Professional Certificate","3 - 6 Months"
11,"Content Creation for TikTok, YouTube, Instagram, Facebook","https://www.coursera.org/professional-certificates/content-creation-tiktok-youtube-instagram-facebook","Coursera","Coursera","TikTok, Video Production, Content Creation, Web Analytics and SEO, Content Performance Analysis, Social Media Content, Brand Strategy, Video Editing, Photography, Media Production, Social Media Campaigns, Social Media, Driving engagement, Social Media Marketing, Social Media Strategy, Content Strategy, Photo Editing, Storytelling, Drive Engagement, Brand Awareness","Beginner","Professional Certificate","3 - 6 Months"
12,"Microsoft UX Design","https://www.coursera.org/professional-certificates/ux-design","Microsoft","Coursera","Storyboarding, User Research, Information Architecture, User Experience Design, Design Thinking, Prototyping, Usability Testing, User Experience, Persona (User Experience), Wireframing, User Interface and User Experience (UI/UX) Design, Interaction Design, Web Content Accessibility Guidelines, Human Centered Design, Figma (Design Software), Usability, User Interface (UI) Design, User Centered Design, Design, Artificial Intelligence","Beginner","Professional Certificate","3 - 6 Months"
13,"Microsoft Project Management","https://www.coursera.org/professional-certificates/microsoft-project-management","Microsoft","Coursera","Stakeholder Management, Team Management, Stakeholder Analysis, Virtual Teams, Scheduling, Conflict Management, Project Schedules, Project Management Life Cycle, Project Management, Risk Mitigation, Teamwork, Project Management Office (PMO), Procurement, Project Coordination, Kanban Principles, Performance Measurement, Risk Management, Communication, Planning, Budgeting","Beginner","Professional Certificate","3 - 6 Months"
14,"Microsoft Program Management","https://www.coursera.org/professional-certificates/microsoft-program-management","Microsoft","Coursera","Earned Value Management, Stakeholder Management, Program Management, Stakeholder Communications, Agile Project Management, Stakeholder Engagement, Project Management Office (PMO), Agile Methodology, Project Performance, Team Leadership, Project Schedules, Virtual Teams, Team Building, Conflict Management, Change Management, Project Management Life Cycle, Return On Investment, Strategic Leadership, Communication, Risk Management","Beginner","Professional Certificate","3 - 6 Months"
15,"Meta iOS Developer","https://www.coursera.org/professional-certificates/meta-ios-developer","Meta","Coursera","React Native, iOS Development, Core Data (Software), Restful API, Version Control, Apple iOS, UI/UX Research, Usability Testing, Apple Xcode, Data Structures, Swift Programming, Jest (JavaScript Testing Framework), User Interface (UI), Unix Commands, Git (Version Control System), Persona (User Experience), GitHub, Interaction Design, Mobile Development, Javascript","Beginner","Professional Certificate","3 - 6 Months"
16,"Adobe Content Creator","https://www.coursera.org/professional-certificates/adobe-content-creator","Adobe","Coursera","Content Creation, Typography, Responsible AI, Logo Design, Digital Design, Generative AI, Social Media, Graphic Design, Social Media Management, User Interface and User Experience (UI/UX) Design, Social Media Campaigns, Creative Design, Adobe Photoshop, Visual Design, Content Marketing, Infographics, Content Strategy, Storytelling, Color Theory, Branding","Beginner","Professional Certificate","3 - 6 Months"
17,"IBM Project Manager","https://www.coursera.org/professional-certificates/ibm-project-manager","IBM","Coursera","User Story, Stakeholder Engagement, Project Management Life Cycle, Resource Management, Risk Management, Peer Review, Agile Software Development, Earned Value Management, Stakeholder Management, Agile Methodology, Project Risk Management, Kanban Principles, Backlogs, Stakeholder Analysis, Project Management, IT Management, Interviewing Skills, Professional Networking, Leadership, Communication","Beginner","Professional Certificate","3 - 6 Months"
18,"Keller Williams Real Estate Agent","https://www.coursera.org/professional-certificates/keller-williams-real-estate-agent","Keller Williams","Coursera","Lead Generation, Administrative Support, Real Estate, Office Management, Real Estate Sales, Value Propositions, Property and Real Estate, Sales Process, Customer Relationship Building, Database Management, Customer Acquisition Management, Sales Management, Client Services, Real Estate Transactions, Organizational Skills, Sales Prospecting, Sales Presentation, Contract Negotiation, Interpersonal Communications, Goal Setting","Beginner","Professional Certificate","3 - 6 Months"
19,"Desarrollador de Meta de IOS","https://www.coursera.org/professional-certificates/meta-ios-developer-es","Meta","Coursera","React Native, User Research, UI/UX Research, Persona (User Experience), Apple iOS, Restful API, Core Data (Software), Design Research, Version Control, Swift Programming, User Experience Design, Unix Commands, User Interface (UI), User Interface and User Experience (UI/UX) Design, Interaction Design, Git (Version Control System), Apple Xcode, Algorithms, Jest (JavaScript Testing Framework), Mobile Development","Beginner","Professional Certificate","3 - 6 Months"
20,"IBM z/OS Mainframe Practitioner","https://www.coursera.org/professional-certificates/ibm-z-mainframe","IBM","Coursera","Job Control Language (JCL), Mainframe Computing, z/OS, Virtualization, Unix, IBM DB2, IBM Cloud, Data Management, Virtual Machines, Database Management Systems, Hardware Architecture, Data Storage, Operating System Administration, Infrastructure Architecture, System Programming, Operating Systems, Unix Commands, Linux, Control Panels, Command-Line Interface","Intermediate","Professional Certificate","1 - 3 Months"
21,"HRCI Human Resource Associate","https://www.coursera.org/professional-certificates/hrci-human-resource-associate","HRCI","Coursera","Talent Acquisition, Training and Development, Compensation and Benefits, Training Programs, Recruitment, Employee Training, Full Cycle Recruitment, Job Analysis, Employee Performance Management, Compensation Management, Performance Appraisal, Job Evaluation, Developing Training Materials, Compensation Strategy, Performance Management, Human Resource Policies, Employee Relations, Occupational Safety And Health, Business Continuity Planning, Risk Management","Beginner","Professional Certificate","3 - 6 Months"
22,"IBM Cybersecurity Analyst","https://www.coursera.org/professional-certificates/ibm-cybersecurity-analyst","IBM","Coursera","Operating System Administration, Cyber Threat Hunting, Incident Response, IT Service Management, Identity and Access Management, Cloud Computing, Governance Risk Management and Compliance, Information Technology Infrastructure Library, Endpoint Security, Malware Protection, Penetration Testing, Computer Security Incident Management, Linux Commands, Database Management, Network Security, Networking Hardware, Cybersecurity, Cyber Threat Intelligence, Interviewing Skills, Cyber Security Assessment","Beginner","Professional Certificate","3 - 6 Months"
23,"IBM Machine Learning","https://www.coursera.org/professional-certificates/ibm-machine-learning","IBM","Coursera","Exploratory Data Analysis, Feature Engineering, Unsupervised Learning, Supervised Learning, Regression Analysis, Dimensionality Reduction, Reinforcement Learning, Generative Model Architectures, Deep Learning, Data Analysis, Statistical Methods, Statistical Inference, Applied Machine Learning, Predictive Modeling, Statistical Hypothesis Testing, Data Processing, Machine Learning Algorithms, Machine Learning, Data Science, Python Programming","Intermediate","Professional Certificate","3 - 6 Months"
24,"Generative AI Leader","https://www.coursera.org/professional-certificates/generative-ai-for-leaders","Google Cloud","Coursera","Prompt Engineering, Generative AI Agents, Google Gemini, Responsible AI, Generative AI, Google Workspace, Google Cloud Platform, AI Product Strategy, Productivity Software, Tool Calling, Business Leadership, LLM Application, Large Language Modeling, Data Governance, Artificial Intelligence, Cloud Infrastructure, Information Privacy, Organizational Strategy, Cloud Computing, Collaboration","Beginner","Professional Certificate","3 - 6 Months"
25,"IBM Business Analyst","https://www.coursera.org/professional-certificates/ibm-business-analyst-professional-certificate","IBM","Coursera","Data Storytelling, Risk Mitigation, Business Analysis, Business Process Modeling, Risk Analysis, Project Scoping, Process Flow Diagrams, Stakeholder Analysis, Process Optimization, Data Visualization, Requirements Management, Prompt Engineering, Risk Management, Stakeholder Management, Digital Transformation, Responsible AI, Excel Formulas, Microsoft Excel, Business Analytics, Business Requirements","Beginner","Professional Certificate","3 - 6 Months"
26,"IBM AI Engineering","https://www.coursera.org/professional-certificates/ai-engineer","IBM","Coursera","Prompt Engineering, Large Language Modeling, PyTorch (Machine Learning Library), Unsupervised Learning, Generative AI, Keras (Neural Network Library), Supervised Learning, Reinforcement Learning, Regression Analysis, LLM Application, Scikit Learn (Machine Learning Library), Deep Learning, Applied Machine Learning, Generative AI Agents, Natural Language Processing, Tensorflow, Predictive Modeling, Machine Learning, Python Programming, Data Science","Intermediate","Professional Certificate","3 - 6 Months"
27,"Meta Front-End Developer","https://www.coursera.org/professional-certificates/meta-front-end-developer","Meta","Coursera","Jest (JavaScript Testing Framework), Version Control, UI/UX Research, Usability Testing, Responsive Web Design, Cascading Style Sheets (CSS), Data Structures, Unix Commands, HTML and CSS, Git (Version Control System), Persona (User Experience), GitHub, Interaction Design, Bootstrap (Front-End Framework), React.js, Mobile Development, Front-End Web Development, Algorithms, Web Development Tools, Javascript","Beginner","Professional Certificate","3 - 6 Months"
28,"AWS Cloud Solutions Architect","https://www.coursera.org/professional-certificates/aws-cloud-solutions-architect","Amazon Web Services","Coursera","AWS Identity and Access Management (IAM), Amazon CloudWatch, Data Lakes, Amazon DynamoDB, Amazon Web Services, Serverless Computing, Cloud Computing, Amazon S3, Scalability, Amazon Elastic Compute Cloud, Event-Driven Programming, Cloud Security, Solution Architecture, Data Visualization, Cloud Storage, Data Architecture, Software Architecture, Cloud Computing Architecture, API Gateway, Hybrid Cloud Computing","Intermediate","Professional Certificate","3 - 6 Months"
29,"IBM AI Product Manager","https://www.coursera.org/professional-certificates/ibm-ai-product-manager","IBM","Coursera","Prompt Engineering, AI Product Strategy, Generative AI, New Product Development, Prompt Patterns, Product Management, Product Lifecycle Management, Generative Model Architectures, Product Development, Innovation, Product Roadmaps, Usability Testing, Product Planning, Responsible AI, Commercialization, Artificial Intelligence, Product Strategy, Project Management Life Cycle, OpenAI, Stakeholder Engagement","Beginner","Professional Certificate","3 - 6 Months"
30,"Microsoft Power BI Data Analyst","https://www.coursera.org/professional-certificates/microsoft-power-bi-data-analyst","Microsoft","Coursera","Power BI, Microsoft Excel, Data Analysis, Data Literacy, Data Visualization, Data Storage, Microsoft Power Platform, Data Collection, Data Quality, Business Analytics, Timelines, Advanced Analytics, Database Design, Statistical Reporting, Statistical Visualization, Business Intelligence, Data Integration, Data Storage Technologies, SQL, Data Manipulation","Beginner","Professional Certificate","3 - 6 Months"
31,"Microsoft AI & ML Engineering","https://www.coursera.org/professional-certificates/microsoft-ai-and-ml-engineering","Microsoft","Coursera","Unsupervised Learning, Generative AI, Large Language Modeling, Data Management, Natural Language Processing, MLOps (Machine Learning Operations), Supervised Learning, Microsoft Azure, Deep Learning, Artificial Intelligence and Machine Learning (AI/ML), Infrastructure Architecture, LLM Application, Responsible AI, Generative AI Agents, Applied Machine Learning, Reinforcement Learning, Data Ethics, Prompt Engineering, Data Processing, Application Deployment","Intermediate","Professional Certificate","3 - 6 Months"
32,"IBM RAG and Agentic AI","https://www.coursera.org/professional-certificates/ibm-rag-and-agentic-ai","IBM","Coursera","Prompt Engineering, LangChain, Tool Calling, LangGraph, Agentic systems, Multimodal Prompts, Generative AI, LLM Application, Generative AI Agents, Responsible AI, OpenAI, Artificial Intelligence and Machine Learning (AI/ML), Application Design, Application Development, Large Language Modeling, UI Components, Semantic Web, Data Storage Technologies, Databases, Software Development","Advanced","Professional Certificate","3 - 6 Months"
33,"Preparing for Google Cloud Certification: Machine Learning Engineer","https://www.coursera.org/professional-certificates/preparing-for-google-cloud-machine-learning-engineer-professional-certificate","Google Cloud","Coursera","Feature Engineering, MLOps (Machine Learning Operations), Prompt Engineering, Google Cloud Platform, Generative AI, Tensorflow, Keras (Neural Network Library), Apache Airflow, Cloud Infrastructure, CI/CD, Data Pipelines, Systems Design, Cloud Platforms, Data Management, Data Governance, Hybrid Cloud Computing, Workflow Management, Artificial Intelligence, Machine Learning, Cloud Computing","Intermediate","Professional Certificate","3 - 6 Months"
34,"Microsoft Excel","https://www.coursera.org/professional-certificates/microsoft-excel-skills","Microsoft","Coursera","Excel Macros, Prompt Engineering, Microsoft Excel, Data Cleansing, Excel Formulas, Pivot Tables And Charts, Microsoft Copilot, Dashboard, Forecasting, Data Presentation, Data Storytelling, Data Processing, Data Visualization Software, Data Manipulation, Data Visualization, Workflow Management, Data Wrangling, Data Quality, Statistical Analysis, Data Transformation","Beginner","Professional Certificate","3 - 6 Months"
35,"Arizona State University TESOL","https://www.coursera.org/professional-certificates/arizona-state-university-tesol","Arizona State University","Coursera","Oral Comprehension, Education Software and Technology, Pedagogy, Literacy, Teaching, Learning Strategies, Instructional Strategies, Enthusiasm, Motivational Skills, Oral Expression, Learning Styles, Technology Strategies, Grammar, Language Learning, English Language, Language Competency, Constructive Feedback, Design Elements And Principles, Learning Theory, Self-Awareness","Beginner","Professional Certificate","3 - 6 Months"
36,"Microsoft Business Analyst","https://www.coursera.org/professional-certificates/microsoft-business-analyst","Microsoft","Coursera","Microsoft Power Platform, Excel Formulas, Process Flow Diagrams, Business Process Modeling, User Story, Business Requirements, Stakeholder Management, Data Modeling, Microsoft Excel, Software Development Life Cycle, Requirements Analysis, Requirements Elicitation, Quality Management, Pivot Tables And Charts, Microsoft Visio, Power BI, Microsoft Power Automate/Flow, Business Analysis, Scrum (Software Development), Data Analysis","Beginner","Professional Certificate","3 - 6 Months"
37,"IBM Data Analyst","https://www.coursera.org/professional-certificates/ibm-data-analyst","IBM","Coursera","Exploratory Data Analysis, Data Storytelling, Data Wrangling, Dashboard, Data Visualization Software, Plotly, Data Visualization, Generative AI, SQL, Interactive Data Visualization, Data Transformation, Data Analysis, Data Cleansing, Big Data, IBM Cognos Analytics, Excel Formulas, Professional Networking, Data Import/Export, Microsoft Excel, Python Programming","Beginner","Professional Certificate","3 - 6 Months"
38,"Microsoft Cybersecurity Analyst","https://www.coursera.org/professional-certificates/microsoft-cybersecurity-analyst","Microsoft","Coursera","Threat Modeling, MITRE ATT&CK Framework, Penetration Testing, Azure Active Directory, Network Security, Computer Systems, Security Information and Event Management (SIEM), Security Testing, Encryption, Cybersecurity, System Testing, Cloud Security, Vulnerability Scanning, Threat Management, Cloud Computing, Authentications, Active Directory, Operating Systems, Data Management, Computer Security Incident Management","Beginner","Professional Certificate","3 - 6 Months"
39,"IBM Data Management","https://www.coursera.org/professional-certificates/ibm-data-manager","IBM","Coursera","Dashboard, Data Storytelling, Data Warehousing, SQL, Data Visualization, Data Security, Data Migration, Database Design, Data Governance, MySQL, Descriptive Statistics, Extract, Transform, Load, Data Store, Data Management, Relational Databases, Databases, Exploratory Data Analysis, Data Architecture, Excel Formulas, Business Intelligence","Beginner","Professional Certificate","3 - 6 Months"
40,"IBM Java Developer","https://www.coursera.org/professional-certificates/java-developer","IBM","Coursera","Prompt Engineering, Software Development Life Cycle, Cloud-Native Computing, Software Architecture, Hibernate (Java), Database Design, Responsive Web Design, Docker (Software), Containerization, Git (Version Control System), GitHub, Object Oriented Programming (OOP), Microservices, CI/CD, Restful API, Java Programming, Engineering Software, Version Control, Database Management, Software Design","Beginner","Professional Certificate","3 - 6 Months"
41,"IBM Full Stack Software Developer","https://www.coursera.org/professional-certificates/ibm-full-stack-cloud-developer","IBM","Coursera","Prompt Engineering, Software Development Life Cycle, CI/CD, Kubernetes, Istio, Software Architecture, Cloud Computing Architecture, Application Deployment, React Redux, Cloud Services, Node.JS, Responsive Web Design, Django (Web Framework), Object-Relational Mapping, OpenShift, Git (Version Control System), Flask (Web Framework), Cloud Computing, Data Import/Export, Engineering Software","Beginner","Professional Certificate","3 - 6 Months"
42,"Google Digital Marketing & E-commerce","https://www.coursera.org/professional-certificates/google-digital-marketing-ecommerce","Google","Coursera","Data Storytelling, Media Planning, Social Media Marketing, Google Ads, Email Marketing, Social Media Strategy, Order Fulfillment, Social Media Management, Search Engine Optimization, Performance Measurement, Spreadsheet Software, A/B Testing, Digital Marketing, E-Commerce, Campaign Management, Loyalty Programs, Customer Retention, Marketing, Interviewing Skills, Professional Development","Beginner","Professional Certificate","3 - 6 Months"
43,"Microsoft AI Product Manager","https://www.coursera.org/professional-certificates/microsoft-ai-product-manager","Microsoft","Coursera","Competitive Analysis, Market Research, User Story, User Interface (UI), Product Roadmaps, Competitive Intelligence, AI Product Strategy, Usability, Persona Development, Product Development, Market Analysis, Product Management, Product Lifecycle Management, Customer Analysis, Market Intelligence, Design Thinking, User Interface (UI) Design, Quality Assurance and Control, Product Strategy, Data Analysis","Beginner","Professional Certificate","3 - 6 Months"
44,"IBM Data Engineering","https://www.coursera.org/professional-certificates/ibm-data-engineer","IBM","Coursera","NoSQL, Data Warehousing, Apache Hadoop, Extract, Transform, Load, Apache Airflow, Web Scraping, Linux Commands, Database Design, SQL, IBM Cognos Analytics, MySQL, Apache Spark, Database Administration, Data Store, Generative AI, Professional Networking, Data Import/Export, Python Programming, Data Analysis, Data Science","Beginner","Professional Certificate","3 - 6 Months"
45,"Preparing for Google Cloud Certification: Cloud Data Engineer","https://www.coursera.org/professional-certificates/gcp-data-engineering","Google Cloud","Coursera","Data Pipelines, Dataflow, Google Cloud Platform, Real Time Data, Data Maintenance, Data Lakes, Data Storage, MLOps (Machine Learning Operations), Data Analysis, Data Warehousing, Data Processing, Extract, Transform, Load, Cloud Engineering, Data Infrastructure, Cloud Infrastructure, Apache Airflow, Cloud Storage, Big Data, Tensorflow, Unstructured Data","Intermediate","Professional Certificate","3 - 6 Months"
46,"DeepLearning.AI TensorFlow Developer","https://www.coursera.org/professional-certificates/tensorflow-in-practice","DeepLearning.AI","Coursera","Tensorflow, Computer Vision, Image Analysis, Keras (Neural Network Library), Natural Language Processing, Time Series Analysis and Forecasting, Deep Learning, Artificial Neural Networks, Generative AI, Predictive Modeling, Applied Machine Learning, Artificial Intelligence and Machine Learning (AI/ML), Artificial Intelligence, Text Mining, Machine Learning Methods, Forecasting, Data Processing, Machine Learning, Supervised Learning","Intermediate","Professional Certificate","3 - 6 Months"
47,"Microsoft Python Development","https://www.coursera.org/professional-certificates/microsoft-python-developer","Microsoft","Coursera","Web Scraping, Data Structures, Git (Version Control System), Generative AI, Version Control, Matplotlib, Plotly, DevOps, Agile Methodology, Web Development, Data Ethics, Flask (Web Framework), Data Visualization, Scripting, GitHub, Debugging, Data Cleansing, Data Analysis, Automation, Cloud Computing","Beginner","Professional Certificate","3 - 6 Months"
48,"Meta Marketing Analytics","https://www.coursera.org/professional-certificates/facebook-marketing-analytics","Meta","Coursera","Data Storytelling, Business Metrics, Key Performance Indicators (KPIs), Marketing Analytics, Bayesian Statistics, Data Visualization, Descriptive Statistics, Marketing Effectiveness, Statistical Hypothesis Testing, Target Audience, Marketing Strategies, Data Cleansing, Pandas (Python Package), Data Modeling, Data Analysis, Data Visualization Software, A/B Testing, Data Collection, Marketing, Interviewing Skills","Beginner","Professional Certificate","3 - 6 Months"
49,"IBM Data Architecture","https://www.coursera.org/professional-certificates/ibm-data-architect","IBM","Coursera","NoSQL, Data Warehousing, SQL, Apache Hadoop, Extract, Transform, Load, Apache Airflow, Data Security, Linux Commands, Data Migration, Database Design, Data Governance, MySQL, Database Administration, Apache Spark, Data Pipelines, Apache Kafka, Database Management, Bash (Scripting Language), Data Store, Data Architecture","Beginner","Professional Certificate","3 - 6 Months"
50,"Meta Back-End Developer","https://www.coursera.org/professional-certificates/meta-back-end-developer","Meta","Coursera","Django (Web Framework), Full-Stack Web Development, Version Control, Restful API, Data Structures, Unix Commands, Bootstrap (Front-End Framework), Git (Version Control System), Back-End Web Development, GitHub, Web Design and Development, Relational Databases, Front-End Web Development, Object Oriented Programming (OOP), Database Management Systems, SQL, Database Design, Python Programming, Computer Programming, Cloud Hosting","Beginner","Professional Certificate","3 - 6 Months"
51,"Google Professional Workspace Administrator","https://www.coursera.org/professional-certificates/g-suite-administration","Google Cloud","Coursera","User Provisioning, Data Governance, Google Workspace, Data Loss Prevention, Gmail, User Accounts, Google Gemini, Information Management, Email Security, Data Management, Data Security, Document Management, Group Policy, Identity and Access Management, Mobile Security, Records Management, Email Automation, Data Storage, Security Management, Technical Support","Beginner","Professional Certificate","1 - 4 Weeks"
52,"IBM Product Manager","https://www.coursera.org/professional-certificates/ibm-product-manager","IBM","Coursera","User Story, Usability Testing, New Product Development, Product Management, Product Lifecycle Management, Product Development, Innovation, Agile Software Development, Product Roadmaps, Agile Methodology, Kanban Principles, Backlogs, Product Planning, Sprint Retrospectives, Agile Project Management, Product Strategy, Product Testing, Project Management Life Cycle, Stakeholder Engagement, Leadership","Beginner","Professional Certificate","3 - 6 Months"
53,"IBM IT Support","https://www.coursera.org/professional-certificates/ibm-technical-support","IBM","Coursera","Cloud Computing Architecture, Technical Support, Technical Support and Services, Cloud Services, Generative AI, Hardware Troubleshooting, IT Service Management, Cloud Security, Desktop Support, Cloud Platforms, Cybersecurity, Cloud Hosting, Cloud Engineering, Cloud Computing, Professional Networking, Data Storage, Peripheral Devices, Information Technology, Cloud Infrastructure, Customer Service","Beginner","Professional Certificate","3 - 6 Months"
54,"Preparing for Google Cloud Certification: Cloud Developer","https://www.coursera.org/professional-certificates/google-cloud-developer","Google Cloud","Coursera","Google Gemini, Cloud Applications, Google Cloud Platform, Containerization, Cloud Infrastructure, Application Deployment, Prompt Engineering, CI/CD, Kubernetes, Cloud Development, Microservices, Docker (Software), Application Development, Serverless Computing, Identity and Access Management, Cloud Services, Virtual Machines, Cloud Computing, Cloud Storage, Debugging","Intermediate","Professional Certificate","3 - 6 Months"
55,"Google IT Support","https://www.coursera.org/professional-certificates/google-it-support","Google","Coursera","IT Security Architecture, Computer Networking, Operating System Administration, Package and Software Management, Network Troubleshooting, Systems Administration, IT Infrastructure, Cloud Management, TCP/IP, Network Security, File Systems, Microsoft Windows, Computer Security, Lightweight Directory Access Protocols, Computer Hardware, Technical Support, Software Installation, Interviewing Skills, Professional Development, Google Gemini","Beginner","Professional Certificate","3 - 6 Months"
56,"Google Data Analytics","https://www.coursera.org/professional-certificates/google-data-analytics","Google","Coursera","Data Storytelling, Rmarkdown, Data Literacy, Data Visualization, Data Presentation, Data Ethics, Data Cleansing, Data Validation, Ggplot2, Tableau Software, Sampling (Statistics), Presentations, Spreadsheet Software, Data Analysis, Data Visualization Software, LinkedIn, Dashboard, Data Processing, Interviewing Skills, Professional Development","Beginner","Professional Certificate","3 - 6 Months"
57,"IBM Data Science","https://www.coursera.org/professional-certificates/ibm-data-science","IBM","Coursera","Exploratory Data Analysis, Data Wrangling, Dashboard, Data Visualization Software, Data Visualization, SQL, Unsupervised Learning, Plotly, Interactive Data Visualization, Data Transformation, Supervised Learning, Jupyter, Data Analysis, Data Cleansing, Data Manipulation, Data Literacy, Data Mining, Generative AI, Professional Networking, Data Import/Export","Beginner","Professional Certificate","3 - 6 Months"
58,"IBM Back-End Development","https://www.coursera.org/professional-certificates/ibm-backend-development","IBM","Coursera","Software Development Life Cycle, Open Web Application Security Project (OWASP), Kubernetes, Istio, Linux Commands, Software Architecture, Application Deployment, NoSQL, Bash (Scripting Language), MongoDB, Shell Script, Django (Web Framework), Object-Relational Mapping, OpenShift, Git (Version Control System), Flask (Web Framework), Grafana, Microservices, Data Import/Export, Python Programming","Beginner","Professional Certificate","3 - 6 Months"
59,"AWS Cloud Support Associate","https://www.coursera.org/professional-certificates/aws-cloud-support-associate","Amazon Web Services","Coursera","AWS Identity and Access Management (IAM), Infrastructure as Code (IaC), Command-Line Interface, Amazon CloudWatch, AWS CloudFormation, Root Cause Analysis, Amazon DynamoDB, Customer Relationship Building, Network Troubleshooting, Amazon Web Services, Customer Relationship Management, Software Architecture, IT Automation, Linux Commands, Cloud Computing, Linux, Web Applications, Information Technology, Customer Service, Software Development","Beginner","Professional Certificate","3 - 6 Months"
60,"IBM DevOps and Software Engineering","https://www.coursera.org/professional-certificates/devops-and-software-engineering","IBM","Coursera","User Story, CI/CD, Software Development Life Cycle, Open Web Application Security Project (OWASP), Continuous Integration, Kubernetes, Istio, Linux Commands, Software Architecture, Cloud Computing Architecture, Application Deployment, Test Driven Development (TDD), Gherkin (Scripting Language), DevOps, Git (Version Control System), Flask (Web Framework), Grafana, Software Engineering, Data Import/Export, Application Development","Beginner","Professional Certificate","3 - 6 Months"
61,"AWS Cloud Technology Consultant","https://www.coursera.org/professional-certificates/aws-cloud-technology-consultant","Amazon Web Services","Coursera","AWS Identity and Access Management (IAM), Infrastructure as Code (IaC), Amazon CloudWatch, AWS CloudFormation, Amazon DynamoDB, Software Development Life Cycle, CI/CD, Amazon Web Services, Professional Networking, IT Automation, Cloud Computing, Amazon S3, Extract, Transform, Load, DevOps, Software Architecture, Cloud Computing Architecture, Cloud Management, Data Management, Problem Solving, Teamwork","Beginner","Professional Certificate","3 - 6 Months"
62,"SAP Technology Consultant","https://www.coursera.org/professional-certificates/sap-technology-consultant","SAP","Coursera","Digital Transformation, Cloud Computing Architecture, Stakeholder Engagement, Consulting, Systems Design, Relationship Management, Business Consulting, Cloud Computing, Management Consulting, Technical Design, Solution Design, User Feedback, Product Strategy, Project Scoping, Technical Consulting, Customer Engagement, Cybersecurity, System Implementation, Professional Networking, SAP Applications","Beginner","Professional Certificate","3 - 6 Months"
63,"Google Business Intelligence","https://www.coursera.org/professional-certificates/google-business-intelligence","Google","Coursera","Data Modeling, Stakeholder Engagement, Database Design, Dashboard, Business Intelligence, Extract, Transform, Load, Tableau Software, Data Warehousing, Data Pipelines, Data Integrity, Data Validation, Data-Driven Decision-Making, Data Visualization, Interviewing Skills, Business Process, Business Analysis, Professional Development, Google Gemini, Data Analysis, SQL","Advanced","Professional Certificate","3 - 6 Months"
64,"Meta Social Media Marketing","https://www.coursera.org/professional-certificates/facebook-social-media-marketing","Meta","Coursera","Social Media Marketing, Social Media Management, Social Media, Marketing Analytics, Target Audience, Paid media, Marketing Budgets, Smart Goals, Social Media Strategy, Social Media Campaigns, Content Creation, Campaign Management, Marketing Effectiveness, Marketing, Marketing Materials, Performance Analysis, Key Performance Indicators (KPIs), Advertising, Brand Management, Digital Marketing","Beginner","Professional Certificate","3 - 6 Months"
65,"Google Advanced Data Analytics","https://www.coursera.org/professional-certificates/google-advanced-data-analytics","Google","Coursera","Data Storytelling, Data Visualization, Data Ethics, Exploratory Data Analysis, Sampling (Statistics), Data Presentation, Data Visualization Software, Feature Engineering, Regression Analysis, Descriptive Statistics, Statistical Hypothesis Testing, Advanced Analytics, Data Analysis, Tableau Software, Data Science, Statistical Analysis, Machine Learning, Object Oriented Programming (OOP), Interviewing Skills, Python Programming","Advanced","Professional Certificate","3 - 6 Months"
66,"Preparing for Google Cloud Certification: Cloud Security Engineer","https://www.coursera.org/professional-certificates/google-cloud-security","Google Cloud","Coursera","Application Performance Management, Distributed Denial-Of-Service (DDoS) Attacks, Google Cloud Platform, Kubernetes, Cloud Infrastructure, Identity and Access Management, Data Loss Prevention, Load Balancing, System Monitoring, Prompt Engineering, Network Monitoring, Cloud Computing Architecture, Containerization, Network Architecture, Role-Based Access Control (RBAC), Network Security, OAuth, Network Routing, Cloud Security, Virtual Private Networks (VPN)","Intermediate","Professional Certificate","3 - 6 Months"
67,"Meta Database Engineer","https://www.coursera.org/professional-certificates/meta-database-engineer","Meta","Coursera","MySQL, Database Design, Version Control, Database Management Systems, Database Management, MySQL Workbench, Extract, Transform, Load, Data Modeling, Data Structures, SQL, Unix Commands, Relational Databases, Databases, Git (Version Control System), Database Systems, GitHub, Stored Procedure, Object Oriented Programming (OOP), Database Administration, Database Development","Beginner","Professional Certificate","3 - 6 Months"
68,"Intuit Academy Bookkeeping","https://www.coursera.org/professional-certificates/intuit-bookkeeping","Intuit","Coursera","Reconciliation, Financial Statements, Financial Statement Analysis, Inventory Accounting, Payroll, Bookkeeping, QuickBooks (Accounting Software), Payroll Administration, Inventory Control, Payroll Processing, Income Statement, Balance Sheet, Financial Reporting, Depreciation, Fixed Asset, Payroll Tax, Property Accounting, Accounting Software, Financial Accounting, Financial Analysis","Beginner","Professional Certificate","3 - 6 Months"
69,"Preparing for Google Cloud Certification: Cloud Architect","https://www.coursera.org/professional-certificates/gcp-cloud-architect","Google Cloud","Coursera","Cloud Infrastructure, Identity and Access Management, Kubernetes, Google Cloud Platform, Prompt Engineering, Application Deployment, Cloud Storage, Containerization, Infrastructure As A Service (IaaS), Cloud Computing, CI/CD, Terraform, Cloud Computing Architecture, Cloud Security, Cloud Management, Cloud Services, Load Balancing, Service Level Agreement, Infrastructure as Code (IaC), Network Planning And Design","Intermediate","Professional Certificate","3 - 6 Months"
70,"Preparing for Google Cloud Certification: Cloud Engineer","https://www.coursera.org/professional-certificates/cloud-engineering-gcp","Google Cloud","Coursera","Cloud Infrastructure, Identity and Access Management, Kubernetes, Google Cloud Platform, Prompt Engineering, Cloud Storage, Containerization, Infrastructure As A Service (IaaS), Terraform, Cloud Computing Architecture, Cloud Management, Cloud Services, Load Balancing, Cloud Engineering, Application Deployment, Infrastructure as Code (IaC), Virtual Machines, Data Storage Technologies, Cloud Computing, Docker (Software)","Intermediate","Professional Certificate","3 - 6 Months"
71,"Preparing for Google Cloud Certification: Cloud Network Engineer","https://www.coursera.org/professional-certificates/google-cloud-networking","Google Cloud","Coursera","Application Performance Management, Distributed Denial-Of-Service (DDoS) Attacks, Google Cloud Platform, Cloud Infrastructure, Load Balancing, System Monitoring, Prompt Engineering, Kubernetes, Network Performance Management, Network Monitoring, Cloud Computing Architecture, Containerization, Network Architecture, Network Security, Cloud Storage, Cloud Services, Identity and Access Management, Network Routing, Virtual Private Networks (VPN), Network Troubleshooting","Intermediate","Professional Certificate","3 - 6 Months"
72,"IBM iOS and Android Mobile App Developer","https://www.coursera.org/professional-certificates/ibm-ios-android-mobile-app-developer-pc","IBM","Coursera","React Native, Prompt Engineering, Software Development Life Cycle, Flutter (Software), Swift Programming, Software Architecture, Apple Xcode, Mobile Development, Android Studio, Android Development, React Redux, Apple iOS, Responsive Web Design, Git (Version Control System), GitHub, Android (Operating System), Cascading Style Sheets (CSS), React.js, User Experience Design, AI Personalization","Beginner","Professional Certificate","3 - 6 Months"
73,"IBM Business Intelligence (BI) Analyst","https://www.coursera.org/professional-certificates/bi-analyst","IBM","Coursera","Dashboard, Data Storytelling, Data Visualization, Database Design, MySQL, Presentations, Descriptive Statistics, Extract, Transform, Load, Business Intelligence, Data Visualization Software, IBM DB2, Tableau Software, Relational Databases, Star Schema, Interactive Data Visualization, IBM Cognos Analytics, Microsoft SQL Servers, Data-Driven Decision-Making, Excel Formulas, Microsoft Excel","Beginner","Professional Certificate","3 - 6 Months"
74,"DeepLearning.AI Data Engineering","https://www.coursera.org/professional-certificates/data-engineering","Multiple educators","Coursera","Apache Airflow, Data Modeling, Data Pipelines, Data Storage, Data Architecture, Requirements Analysis, Data Processing, Data Warehousing, Query Languages, Apache Hadoop, Extract, Transform, Load, Data Lakes, Amazon Web Services, Apache Spark, Database Systems, Feature Engineering, Data Manipulation, Data Integration, AWS Kinesis, Data Management","Intermediate","Professional Certificate","3 - 6 Months"
75,"Google IT Automation with Python","https://www.coursera.org/professional-certificates/google-it-automation","Google","Coursera","Git (Version Control System), GitHub, Version Control, Cloud Services, Debugging, Puppet (Configuration Management Tool), Infrastructure as Code (IaC), Bash (Scripting Language), CI/CD, Cloud Computing, Technical Communication, Unit Testing, Web Services, Email Automation, Configuration Management, Automation, Python Programming, Interviewing Skills, Professional Development, Scripting","Advanced","Professional Certificate","3 - 6 Months"
76,"Preparing for Google Cloud Certification: Cloud DevOps Engineer","https://www.coursera.org/professional-certificates/sre-devops-engineer-google-cloud","Google Cloud","Coursera","Site Reliability Engineering, Kubernetes, Application Performance Management, Google Cloud Platform, Cloud Infrastructure, System Monitoring, Prompt Engineering, Application Deployment, Identity and Access Management, CI/CD, Containerization, Cloud Storage, Cloud Security, Cloud Services, Cloud Management, Service Level Agreement, Virtual Machines, Safety Culture, Network Monitoring, Culture Transformation","Beginner","Professional Certificate","3 - 6 Months"
77,"Meta Android Developer","https://www.coursera.org/professional-certificates/meta-android-developer","Meta","Coursera","React Native, Android Studio, Restful API, Version Control, UI/UX Research, Usability Testing, Git (Version Control System), Data Structures, Jest (JavaScript Testing Framework), Unix Commands, Android Jetpack, Android Development, Persona (User Experience), GitHub, Interaction Design, Kotlin, User Experience Design, User Interface and User Experience (UI/UX) Design, Mobile Development, Javascript","Beginner","Professional Certificate","3 - 6 Months"
78,"Salesforce Sales Development Representative","https://www.coursera.org/professional-certificates/sales-development-representative","Salesforce","Coursera","Overcoming Objections, Prospecting and Qualification, Customer Relationship Management, Lead Generation, Sales Development, Time Management, Business Writing, Salesforce, Writing, Productivity, Cold Calling, Sales Prospecting, Growth Mindedness, Verbal Communication Skills, Cultural Diversity, Sales Enablement, Empathy, Interviewing Skills, Professional Development, Sales","Beginner","Professional Certificate","3 - 6 Months"
79,"DeepLearning.AI Data Analytics","https://www.coursera.org/professional-certificates/data-analytics","DeepLearning.AI","Coursera","Data Storytelling, Web Scraping, Google Sheets, Data Visualization, Data Presentation, Spreadsheet Software, Large Language Modeling, Tableau Software, Data Literacy, Dashboard, LinkedIn, Pandas (Python Package), Time Series Analysis and Forecasting, Probability & Statistics, Extract, Transform, Load, Statistical Analysis, Statistics, Data Manipulation, Data Analysis, Descriptive Statistics","Beginner","Professional Certificate","3 - 6 Months"
80,"Goodwill® Career Coach and Navigator","https://www.coursera.org/professional-certificates/goodwill-career-coach-and-navigator","Goodwill Industries International","Coursera","Constructive Feedback, Interviewing Skills, Communication, Coaching, Accountability, Client Services, Virtual Teams, Professional Development, Diversity and Inclusion, Client Support, Workforce Development, Recruitment, Ethical Standards And Conduct, Active Listening, Telecommuting, Needs Assessment, Employee Onboarding, Empathy, Human Centered Design, Gap Analysis","Beginner","Professional Certificate","3 - 6 Months"
81,"Preparing for Google Cloud Certification: Cloud Architect Professional Certificate 日本語版","https://www.coursera.org/professional-certificates/gcp-cloud-architect-jp","Google Cloud","Coursera","Identity and Access Management, Prompt Engineering, Google Cloud Platform, Cloud Infrastructure, Kubernetes, CI/CD, Microservices, Virtual Machines, Application Deployment, Cloud Computing, Containerization, Terraform, Cloud Security, Data Storage, Cloud Storage, Network Architecture, Cloud Services, Restful API, Cloud Computing Architecture, Technical Design","Intermediate","Professional Certificate","3 - 6 Months"
82,"Google Cloud Cybersecurity","https://www.coursera.org/professional-certificates/google-cloud-cybersecurity-certificate","Google Cloud","Coursera","Cloud Security, Identity and Access Management, Intrusion Detection and Prevention, Computer Security Incident Management, Threat Management, Cyber Threat Hunting, Risk Management Framework, Cyber Attacks, Cyber Operations, Vulnerability Management, Continuous Monitoring, Event Monitoring, Disaster Recovery, Incident Management, Generative AI, DevSecOps, Data Security, Cloud Storage, Google Cloud Platform, Cybersecurity","Beginner","Professional Certificate","3 - 6 Months"
83,"IBM Product Owner","https://www.coursera.org/professional-certificates/ibm-product-owner","IBM","Coursera","AI Product Strategy, User Story, Sprint Retrospectives, Backlogs, Agile Product Development, Generative AI, Agile Software Development, Stakeholder Communications, Agile Methodology, Kanban Principles, Responsible AI, Product Roadmaps, Virtual Teams, Information Technology, Agile Project Management, Computer Hardware, Product Strategy, ChatGPT, Stakeholder Management, Sprint Planning","Beginner","Professional Certificate","3 - 6 Months"
84,"IBM IT Scrum Master","https://www.coursera.org/professional-certificates/ibm-it-scrum-master","IBM","Coursera","User Story, Software Development Life Cycle, Software Architecture, Sprint Retrospectives, Agile Software Development, Kanban Principles, DevOps, Backlogs, Software Design, Sprint Planning, Web Design and Development, Scrum (Software Development), Information Technology, Computer Hardware, Agile Methodology, Agile Project Management, Team Building, Risk Management, Leadership, Communication","Beginner","Professional Certificate","3 - 6 Months"
85,"IBM Data Warehouse Engineer","https://www.coursera.org/professional-certificates/data-warehouse-engineering","IBM","Coursera","Data Warehousing, SQL, Extract, Transform, Load, Apache Airflow, Linux Commands, Database Design, IBM Cognos Analytics, MySQL, Database Administration, Data Pipelines, Apache Kafka, Database Management, Bash (Scripting Language), Shell Script, Database Architecture and Administration, Data Store, IBM DB2, Data Visualization, Relational Databases, Dashboard","Beginner","Professional Certificate","3 - 6 Months"
86,"IBM Applied DevOps Engineering","https://www.coursera.org/professional-certificates/ibm-applied-devops-engineering","IBM","Coursera","User Story, CI/CD, Open Web Application Security Project (OWASP), Continuous Integration, Kubernetes, Istio, Application Deployment, Test Driven Development (TDD), Gherkin (Scripting Language), Jenkins, Agile Software Development, DevOps, Code Coverage, OpenShift, Cloud Applications, Behavior-Driven Development, Secure Coding, Grafana, System Monitoring, Agile Methodology","Intermediate","Professional Certificate","3 - 6 Months"
87,"IBM Data Analytics with Excel and R","https://www.coursera.org/professional-certificates/ibm-data-analyst-r-excel","IBM","Coursera","Data Storytelling, Interactive Data Visualization, Data Visualization Software, Data Visualization, Database Design, Shiny (R Package), Data Wrangling, Exploratory Data Analysis, Relational Databases, Big Data, Ggplot2, Data Analysis, IBM Cognos Analytics, Data Presentation, Data Mining, Dashboard, Excel Formulas, Data Manipulation, Web Scraping, Microsoft Excel","Beginner","Professional Certificate","3 - 6 Months"
88,"IBM IT Project Manager","https://www.coursera.org/professional-certificates/ibm-it-project-manager","IBM","Coursera","User Story, Software Development Life Cycle, Stakeholder Engagement, Software Architecture, Project Management Life Cycle, Resource Management, Peer Review, Agile Software Development, Earned Value Management, Stakeholder Management, Agile Methodology, Project Risk Management, Kanban Principles, Project Management, Information Technology, Risk Management, Interviewing Skills, Agile Project Management, Leadership, Communication","Beginner","Professional Certificate","3 - 6 Months"
89,"Google Cloud Data Analytics","https://www.coursera.org/professional-certificates/google-cloud-data-analytics-certificate","Google Cloud","Coursera","Responsible AI, Data Lakes, Data Storytelling, Data Governance, Data Visualization, Data Presentation, Data Architecture, Data Pipelines, Data Visualization Software, Dashboard, Looker (Software), Cloud Infrastructure, Generative AI, Data Cleansing, Data Management, Cloud Storage, Data Transformation, Cloud Computing, Google Cloud Platform, Data Ethics","Beginner","Professional Certificate","3 - 6 Months"
90,"Preparing for Google Cloud Certification: Cloud Data Engineer Professional Certificate 日本語版","https://www.coursera.org/professional-certificates/gcp-data-engineering-jp","Google Cloud","Coursera","Data Pipelines, Google Cloud Platform, Dataflow, Unstructured Data, MLOps (Machine Learning Operations), Data Lakes, Looker (Software), Data Warehousing, Data Processing, Data Management, Data Infrastructure, Cloud Engineering, Cloud Storage, Big Data, Cloud Infrastructure, Tensorflow, Dashboard, Data Architecture, Real Time Data, Extract, Transform, Load","Intermediate","Professional Certificate","3 - 6 Months"
91,"IBM JavaScript Backend","https://www.coursera.org/professional-certificates/backend-javascript-developer","IBM","Coursera","Software Development Life Cycle, Open Web Application Security Project (OWASP), Node.JS, Kubernetes, Containerization, Istio, Software Architecture, Application Deployment, Cloud-Native Computing, Responsive Web Design, NoSQL, OpenShift, Restful API, Git (Version Control System), Cloud Applications, Ajax, Grafana, Javascript, Azure DevOps, Engineering Software","Beginner","Professional Certificate","3 - 6 Months"
92,"IBM Full-Stack JavaScript Developer","https://www.coursera.org/professional-certificates/ibm-full-stack-javascript-developer","IBM","Coursera","Software Development Life Cycle, Node.JS, Kubernetes, Istio, Software Architecture, Application Deployment, React Redux, CI/CD, Cloud-Native Computing, Responsive Web Design, NoSQL, OpenShift, Restful API, Git (Version Control System), Cloud Applications, GitHub, Ajax, Javascript, Azure DevOps, Engineering Software","Beginner","Professional Certificate","3 - 6 Months"
93,"IBM Relational Database Administrator","https://www.coursera.org/professional-certificates/ibm-relational-database-administrator","IBM","Coursera","Data Engineering, Data Warehousing, Extract, Transform, Load, Apache Airflow, Web Scraping, Linux Commands, Database Design, SQL, Database Administration, MySQL, Data Pipelines, Apache Kafka, Database Management, Bash (Scripting Language), Shell Script, Database Architecture and Administration, Data Store, Generative AI, Data Import/Export, Data Security","Intermediate","Professional Certificate","3 - 6 Months"
94,"IBM Front-End Developer","https://www.coursera.org/professional-certificates/ibm-frontend-developer","IBM","Coursera","Bootstrap (Front-End Framework), Software Development Life Cycle, Software Architecture, React Redux, Cloud-Native Computing, Responsive Web Design, NoSQL, Git (Version Control System), GitHub, Webpack, Application Development, MongoDB, Agile Methodology, Cascading Style Sheets (CSS), React.js, Browser Compatibility, Software Design, HTML and CSS, User Experience Design, Engineering Software","Beginner","Professional Certificate","3 - 6 Months"
95,"IBM UI/UX Designer","https://www.coursera.org/professional-certificates/ibm-ui-ux-designer","IBM","Coursera","User Story, Information Architecture, UI/UX Research, User Research, User Interface and User Experience (UI/UX) Design, Design Thinking, User Experience, Agile Software Development, User Centered Design, Agile Methodology, Design Research, Usability, Usability Testing, Responsive Web Design, Kanban Principles, Backlogs, User Interface (UI), Figma (Design Software), Wireframing, Prototyping","Beginner","Professional Certificate","3 - 6 Months"
96,"IBM Deep Learning with PyTorch, Keras and Tensorflow","https://www.coursera.org/professional-certificates/ibm-deep-learning-with-pytorch-keras-tensorflow","IBM","Coursera","PyTorch (Machine Learning Library), Keras (Neural Network Library), Reinforcement Learning, Deep Learning, Unsupervised Learning, Machine Learning Methods, Generative AI, Artificial Neural Networks, Tensorflow, Artificial Intelligence and Machine Learning (AI/ML), Image Analysis, Computer Vision, Artificial Intelligence, Machine Learning, Natural Language Processing, Predictive Modeling, Machine Learning Algorithms, Probability & Statistics, Network Architecture, Supervised Learning","Intermediate","Professional Certificate","3 - 6 Months"
97,"Análisis de Datos de Google","https://www.coursera.org/professional-certificates/analisis-de-datos-de-google","Google","Coursera","Data Storytelling, Presentations, Rmarkdown, Data Presentation, Data Cleansing, Data Visualization, Ggplot2, Data Validation, Spreadsheet Software, Data Visualization Software, Data Ethics, Data Analysis, Data-Driven Decision-Making, Tableau Software, Data Literacy, Data Processing, Dashboard, Business Analysis, Stakeholder Communications, Databases","Beginner","Professional Certificate","3 - 6 Months"
98,"Microsoft IT Support Specialist","https://www.coursera.org/professional-certificates/microsoft-it-support-specialist","Microsoft","Coursera","Microsoft 365, Network Security, Business Software, Computer Hardware, Cybersecurity, Microsoft Office, Desktop Support, Virtual Private Networks (VPN), Network Troubleshooting, Technical Support, Hardware Troubleshooting, Generative AI, Operating Systems, Collaborative Software, System Support, Network Protocols, TCP/IP, Application Security, Microsoft Teams, Cloud Computing","Beginner","Professional Certificate","3 - 6 Months"
99,"Salesforce Sales Operations","https://www.coursera.org/professional-certificates/salesforce-sales-operations","Salesforce","Coursera","Sales Pipelines, Sales Process, Sales Operations, Customer Success Management, Order Management, Sales Management, Salesforce, Dashboard, Sales, Sales Development, Lead Generation, Request For Quotation (RFQ), Sales Support, Customer Relationship Management, Sales Enablement, Product Knowledge, B2B Sales, Campaign Management, Data Visualization, Sales Training","Beginner","Professional Certificate","3 - 6 Months"
100,"Adobe Marketing Specialist","https://www.coursera.org/professional-certificates/adobe-marketing-specialist","Adobe","Coursera","Promotional Strategies, Marketing Planning, Social Media Content, Responsible AI, Digital Marketing, Cross-Channel Marketing, Logo Design, Digital Design, Content Marketing, Creative Design, Target Audience, Generative AI, Marketing Strategies, Campaign Management, Content Creation, Social Media Marketing, Graphic Design, Content Strategy, Advertising, Market Research","Beginner","Professional Certificate","3 - 6 Months"
101,"Gestión de Proyectos de Google","https://www.coursera.org/professional-certificates/gestion-de-proyectos-de-google","Google","Coursera","Project Closure, Quality Management, Project Planning, Communication Planning, Sprint Retrospectives, Backlogs, Project Management Life Cycle, Agile Methodology, Project Management, Issue Tracking, Agile Project Management, Stakeholder Analysis, Budget Management, Milestones (Project Management), Project Scoping, Project Documentation, Project Risk Management, Scope Management, Stakeholder Management, Change Management","Beginner","Professional Certificate","3 - 6 Months"
102,"Meta Data Analyst","https://www.coursera.org/professional-certificates/meta-data-analyst","Meta","Coursera","Data Storytelling, Business Metrics, Key Performance Indicators (KPIs), Data Management, Data Collection, Data Governance, Bayesian Statistics, Data Visualization, Descriptive Statistics, Statistical Hypothesis Testing, Information Privacy, Data Cleansing, Pandas (Python Package), Data Quality, Data Analysis, Data Visualization Software, Spreadsheet Software, Exploratory Data Analysis, SQL, Python Programming","Beginner","Professional Certificate","3 - 6 Months"
103,"Microsoft Cloud Support Associate","https://www.coursera.org/professional-certificates/microsoft-cloud-support-associate","Microsoft","Coursera","Microsoft 365, Network Security, Cloud Management, Microsoft Azure, Business Software, Computer Hardware, Virtual Machines, Identity and Access Management, Cybersecurity, Network Troubleshooting, Microsoft Office, Desktop Support, Virtual Private Networks (VPN), Azure Active Directory, Technical Support, Hardware Troubleshooting, System Monitoring, Disaster Recovery, Cloud Computing, Network Protocols","Beginner","Professional Certificate","3 - 6 Months"
104,"IBM Program Manager","https://www.coursera.org/professional-certificates/ibm-program-manager","IBM","Coursera","User Story, Program Management, Stakeholder Management, Resource Allocation, Agile Software Development, Agile Methodology, Kanban Principles, Project Management Life Cycle, Backlogs, Change Management, Project Management Office (PMO), Organizational Change, Responsible AI, Sprint Retrospectives, Agile Project Management, Organizational Strategy, Risk Management, Governance, Project Management, Leadership","Beginner","Professional Certificate","3 - 6 Months"
105,"Google Cloud Digital Leader Training","https://www.coursera.org/professional-certificates/google-cloud-digital-leader-training","Google Cloud","Coursera","Cloud Management, Serverless Computing, Google Cloud Platform, Digital Transformation, Data Governance, Cloud Services, Distributed Denial-Of-Service (DDoS) Attacks, Cloud Security, Cloud Infrastructure, Data Strategy, Application Programming Interface (API), Cloud Solutions, Real Time Data, Business Transformation, Data Management, Hybrid Cloud Computing, Data Warehousing, Artificial Intelligence, Responsible AI, Data Security","Beginner","Professional Certificate","3 - 6 Months"
106,"Tableau Business Intelligence Analyst","https://www.coursera.org/professional-certificates/tableau-business-intelligence-analyst","Tableau Learning Partner","Coursera","Data Storytelling, Exploratory Data Analysis, Requirements Elicitation, Data Presentation, Data Governance, Data Ethics, Tableau Software, Business Analysis, Data Literacy, Data Visualization, Data Visualization Software, Data Warehousing, Business Metrics, Dashboard, Extract, Transform, Load, Stakeholder Analysis, Data Analysis, Spatial Data Analysis, Data Quality, Data Management","Beginner","Professional Certificate","3 - 6 Months"
107,"Unilever Supply Chain Data Analyst","https://www.coursera.org/professional-certificates/unilever-supply-chain-data-analyst","Unilever","Coursera","Data Governance, Descriptive Analytics, Data Storytelling, Supply Chain Management, Demand Planning, Presentations, Data Visualization, Supply Chain Systems, Supply Chain, Supply Chain Planning, Transportation, Supply Chain, and Logistics, Process Improvement, Data Management, Data Lakes, Predictive Analytics, Forecasting, Data Analysis, Data Analysis Software, Real Time Data, Problem Solving","Beginner","Professional Certificate","3 - 6 Months"
108,"Fractal Data Science","https://www.coursera.org/professional-certificates/fractal-data-science","Fractal Analytics","Coursera","Data Storytelling, Decision Making, Critical Thinking, Database Design, Data Manipulation, Data Presentation, Power BI, Data Visualization, Exploratory Data Analysis, Feature Engineering, Interactive Data Visualization, Data Analysis Expressions (DAX), Human Centered Design, Storyboarding, SQL, Applied Machine Learning, Data Modeling, Machine Learning, Problem Solving, Python Programming","Beginner","Professional Certificate","3 - 6 Months"
109,"Palo Alto Networks Cybersecurity","https://www.coursera.org/professional-certificates/palo-alto-networks-cybersecurity-fundamentals","Palo Alto Networks","Coursera","Network Security, Cloud Security, Cybersecurity, Cloud Infrastructure, Firewall, Network Infrastructure, Docker (Software), Virtual Private Networks (VPN), Software As A Service, Hybrid Cloud Computing, Containerization, Threat Detection, Data Centers, Threat Management, OSI Models, Enterprise Security, Network Protocols, Dynamic Host Configuration Protocol (DHCP), Vulnerability Scanning, Incident Response","Beginner","Professional Certificate","3 - 6 Months"
110,"ADP Entry-Level Payroll Specialist","https://www.coursera.org/professional-certificates/adp-payroll-specialist","Automatic Data Processing, Inc. (ADP)","Coursera","Payroll, Payroll Processing, Payroll Systems, Payroll Tax, Payroll Reporting, Payroll Administration, Data Entry, Employee Onboarding, Labor Compliance, Labor Law, Compensation Management, Human Resource Strategy, Compensation and Benefits, Non-Profit Accounting, Payment Processing and Collection, Tax Compliance, Benefits Administration, Specialized Accounting, Record Keeping, Data Analysis","Beginner","Professional Certificate","3 - 6 Months"
111,"IBM Mainframe Developer","https://www.coursera.org/professional-certificates/ibm-mainframe-developer","IBM","Coursera","Mainframe Computing, COBOL (Programming Language), Software Development Life Cycle, z/OS, Unit Testing, Systems Analysis, Job Control Language (JCL), IBM DB2, Systems Development, Debugging, Pseudocode, Software Development Methodologies, Virtualization, Agile Methodology, Software Development, Test Driven Development (TDD), Programming Principles, Relational Databases, Software Testing, Technical Support","Intermediate","Professional Certificate","3 - 6 Months"
112,"SAS Programmer","https://www.coursera.org/professional-certificates/sas-programming","SAS","Coursera","Data Manipulation, SAS (Software), Data Access, Data Import/Export, Microsoft Excel, Data Analysis, Data Transformation, Requirements Analysis, Exploratory Data Analysis, Data Validation, Data Cleansing, Descriptive Statistics, Statistical Programming, Data Processing, Data Integration, SQL, Data Presentation, Debugging","Beginner","Professional Certificate","3 - 6 Months"
113,"Soporte de Tecnologías de la Información de Google","https://www.coursera.org/professional-certificates/soporte-de-tecnologias-de-informacion-google","Google","Coursera","IT Infrastructure, Operating System Administration, Computer Networking, Desktop Support, Systems Administration, Network Troubleshooting, Remote Access Systems, Network Security, OSI Models, Hardening, Package and Software Management, Cybersecurity, Disaster Recovery, User Accounts, File Systems, TCP/IP, Computer Security Awareness Training, Computer Hardware, Technical Support, Software Installation","Beginner","Professional Certificate","3 - 6 Months"
114,"Akamai Customer Consulting and Support","https://www.coursera.org/professional-certificates/akamai-customer-consulting-and-support","Akamai Technologies, Inc.","Coursera","Endpoint Security, Database Systems, Computer Security Incident Management, Security Management, Ubuntu, Routing Protocols, Database Design, Application Development, Network Architecture, Linux Commands, TCP/IP, Operating Systems, Database Theory, Web Design and Development, Cascading Style Sheets (CSS), Web Development, Data Structures, Python Programming, Data Analysis, Software Development","Beginner","Professional Certificate","3 - 6 Months"
115,"CVS Health Call Center Customer Service","https://www.coursera.org/professional-certificates/cvshealth-call-center-customer-service","CVS Health","Coursera","Active Listening, Call Center Experience, De-escalation Techniques, Greeting Customers, Growth Mindedness, Customer Service, Empathy, Interviewing Skills, Cross Selling, Data Entry, Customer Relationship Building, Upselling, Teamwork, Customer Complaint Resolution, Conflict Management, Retail Store Operations, Transaction Processing, Cash Register Operation, Communication, Time Management","Beginner","Professional Certificate","3 - 6 Months"
116,"Microsoft Back-End Developer","https://www.coursera.org/professional-certificates/microsoft-back-end-developer","Microsoft","Coursera","CI/CD, C# (Programming Language), Load Balancing, Continuous Integration, Role-Based Access Control (RBAC), Scalability, Object Oriented Programming (OOP), Authentications, ASP.NET, Debugging, SQL, Application Deployment, Microsoft Copilot, .NET Framework, Relational Databases, Database Management, Graph Theory, Back-End Web Development, Program Development, Data Structures","Beginner","Professional Certificate","3 - 6 Months"
117,"Amazon Junior Software Developer","https://www.coursera.org/professional-certificates/amazon-junior-software-developer","Amazon","Coursera","Git (Version Control System), Software Development Methodologies, JUnit, Requirements Analysis, Version Control, Application Development, Software Development Life Cycle, SQL, Full-Stack Web Development, Test Driven Development (TDD), Software Development, Restful API, Object Oriented Programming (OOP), Object Oriented Design, Database Management, MySQL, Digital Transformation, Relational Databases, Java Programming, Generative AI","Beginner","Professional Certificate","3 - 6 Months"
118,"Dell Technologies IT Sales Representative","https://www.coursera.org/professional-certificates/dell-technologies-sales-rep","Dell","Coursera","Closing (Sales), Sustainable Business, Sales, Customer Relationship Building, Sales Strategy, Persuasive Communication, Emotional Intelligence, Influencing, Job Analysis, Data Centers, Customer Insights, Interviewing Skills, Sales Presentations, Public Speaking, Sales Prospecting, Negotiation, Account Management, Customer Relationship Management, Lead Generation, Digital Content","Beginner","Professional Certificate","3 - 6 Months"
119,"Ciberseguridad de Google","https://www.coursera.org/professional-certificates/ciberseguridad-de-google","Google","Coursera","Vulnerability Management, Threat Modeling, Incident Response, Intrusion Detection and Prevention, Business Risk Management, Network Security, Vulnerability Assessments, Operating Systems, Threat Detection, Risk Management, Security Information and Event Management (SIEM), Computer Security Incident Management, Event Monitoring, Network Architecture, Security Controls, Cyber Risk, Linux, Cybersecurity, Debugging, SQL","Beginner","Professional Certificate","3 - 6 Months"
120,"Snowflake Generative AI","https://www.coursera.org/professional-certificates/snowflake-generative-ai","Snowflake","Coursera","Prompt Engineering, Generative AI, LLM Application, Data Engineering, Data Manipulation, Snowflake Schema, Large Language Modeling, Application Deployment, Data Lakes, Data Warehousing, Unstructured Data, Cloud Development, SQL, Natural Language Processing, Data Pipelines, Extract, Transform, Load, Application Development, Artificial Intelligence and Machine Learning (AI/ML), Role-Based Access Control (RBAC), Stored Procedure","Beginner","Professional Certificate","1 - 3 Months"
121,"Microsoft Azure Developer Associate (AZ-204) Exam Prep","https://www.coursera.org/professional-certificates/azure-developer-associate","Microsoft","Coursera","Cloud Development, Microsoft Azure, Cloud Storage, Data Storage, Serverless Computing, Software Development, Cloud Security, Virtual Machines, Data Storage Technologies, CI/CD, Continuous Deployment, Development Environment, Cloud Management, Application Deployment, Cloud Applications, Data Security, Cloud Computing, Microsoft Power Automate/Flow, Event-Driven Programming, C# (Programming Language)","Intermediate","Professional Certificate","3 - 6 Months"
122,"Suporte em TI do Google","https://www.coursera.org/professional-certificates/suporte-em-ti-do-google","Google","Coursera","Systems Administration, IT Security Architecture, Operating System Administration, Remote Access Systems, IT Infrastructure, Hardening, Network Troubleshooting, OSI Models, Computer Networking, Routing Protocols, Desktop Support, Application Security, TCP/IP, Security Strategy, Server Administration, Network Security, Technical Support, Microsoft Windows, Computer Hardware, Software Installation","Beginner","Professional Certificate","3 - 6 Months"
123,"Akamai Network Engineering","https://www.coursera.org/professional-certificates/akamai-network-engineering","Akamai Technologies, Inc.","Coursera","SQL, Linux, Endpoint Security, Database Management, Incident Response, Relational Databases, Network Security, Database Systems, Vulnerability Scanning, Computer Security Incident Management, Security Management, Ubuntu, Linux Administration, File Systems, Routing Protocols, OSI Models, Application Development, Remote Access Systems, Scripting, MySQL","Beginner","Professional Certificate","3 - 6 Months"
124,"Generative AI for Software Development","https://www.coursera.org/professional-certificates/generative-ai-for-software-development","DeepLearning.AI","Coursera","Prompt Engineering, Large Language Modeling, Database Design, LLM Application, Software Documentation, Software Design Patterns, Databases, Test Automation, Collaborative Software, Software Testing, Application Design, Technical Documentation, Generative AI, Database Management, Software Design, Code Review, Software Architecture, Software Engineering, Software Development, Machine Learning","Beginner","Professional Certificate","1 - 3 Months"
125,"Microsoft Full-Stack Developer","https://www.coursera.org/professional-certificates/microsoft-full-stack-developer","Microsoft","Coursera","CI/CD, GitHub, C# (Programming Language), HTML and CSS, Load Balancing, Continuous Integration, Git (Version Control System), Role-Based Access Control (RBAC), Scalability, Object Oriented Programming (OOP), Authentications, ASP.NET, Full-Stack Web Development, Web Development, Debugging, SQL, Application Deployment, Microsoft Copilot, .NET Framework, Graph Theory","Beginner","Professional Certificate","3 - 6 Months"
126,"Google Marketing Digital e E-Commerce","https://www.coursera.org/professional-certificates/certificado-de-carrera-de-google-marketing-digital-e-e-commerce","Google","Coursera","Email Marketing, Paid media, Target Audience, Data Storytelling, Social Media Marketing, Social Media Strategy, Content Creation, Search Engine Optimization, Marketing Budgets, Order Fulfillment, Media Planning, Search Engine Marketing, Google Ads, Social Media Management, Customer Retention, Customer Relationship Management, E-Commerce, Customer Engagement, Marketing, Campaign Management","Beginner","Professional Certificate","3 - 6 Months"
127,"Microsoft Azure Security Engineer Associate (AZ-500)","https://www.coursera.org/professional-certificates/microsoft-azure-security-engineer-associate","Microsoft","Coursera","Azure Active Directory, Data Security, Multi-Factor Authentication, Microsoft Azure, Role-Based Access Control (RBAC), Cloud Security, Active Directory, Threat Modeling, Security Strategy, Data Storage, Application Security, Database Architecture and Administration, Virtual Machines, Infrastructure Security, Kubernetes, Continuous Monitoring, Web Applications, Cyber Governance, System Monitoring, Network Security","Intermediate","Professional Certificate","3 - 6 Months"
128,"Unilever Digital Marketing Analyst","https://www.coursera.org/professional-certificates/unilever-digital-marketing-analyst","Unilever","Coursera","Data Storytelling, Marketing Automation, Web Analytics, Marketing Effectiveness, Marketing Analytics, Customer Insights, Digital Marketing, Social Media Campaigns, Market Analysis, Google Analytics, Digital Advertising, Social Media Marketing, Customer Analysis, Search Engine Marketing, Advertising Campaigns, Marketing Strategies, Social Media Strategy, Customer experience strategy (CX), Marketing, MarTech","Beginner","Professional Certificate","3 - 6 Months"
129,"SAS Visual Business Analytics","https://www.coursera.org/professional-certificates/sas-visual-business-analytics","SAS","Coursera","SAS (Software), Network Analysis, Trend Analysis, Data Manipulation, Data Analysis, Forecasting, Data Quality, Text Mining, Data Visualization Software, Spatial Analysis, Dashboard, Analysis, Analytics, Data Visualization, Time Series Analysis and Forecasting, Business Analytics, Interactive Data Visualization, Data-Driven Decision-Making, Predictive Analytics, Business Reporting","Beginner","Professional Certificate","3 - 6 Months"
130,"Google UX Design (PT)","https://www.coursera.org/professional-certificates/ux-design-do-google","Google","Coursera","Adobe XD, User Experience Design, Usability Testing, Figma (Design Software), Responsive Web Design, Information Architecture, Wireframing, User Experience, Prototyping, UI/UX Research, Presentations, Design Reviews, User Interface and User Experience (UI/UX) Design, User Story, Storyboarding, Ideation, Mockups, Software Documentation, User Research, User Centered Design","Beginner","Professional Certificate","3 - 6 Months"
131,"MathWorks Computer Vision Engineer","https://www.coursera.org/professional-certificates/mathworks-computer-vision-engineer","MathWorks","Coursera","Computer Vision, Image Analysis, Anomaly Detection, Applied Machine Learning, Deep Learning, Image Quality, Artificial Neural Networks, Unsupervised Learning, Matlab, Application Deployment, PyTorch (Machine Learning Library), Machine Learning, Motion Graphics, Supervised Learning, Data Visualization, Automation, Predictive Modeling, Artificial Intelligence and Machine Learning (AI/ML), Machine Learning Methods, Medical Imaging","Beginner","Professional Certificate","3 - 6 Months"
132,"IBM Digital Marketing and Growth Hacking","https://www.coursera.org/professional-certificates/ibm-digital-marketing-and-growth-hacking","IBM","Coursera","Responsible AI, Social Media Management, Social Media Content, Social Media Marketing, Social Media, Google Ads, Digital Marketing, Email Marketing, Digital Advertising, Web Analytics and SEO, Online Advertising, Social Media Strategy, Digital Media Strategy, Social Media Campaigns, Paid media, Pay Per Click Advertising, Customer Retention, Search Engine Optimization, Presentations, Generative AI","Beginner","Professional Certificate","3 - 6 Months"
133,"Microsoft Generative AI for Data Analysis","https://www.coursera.org/professional-certificates/microsoft-genai-for-data-analysis","Microsoft","Coursera","Prompt Engineering, Data Storytelling, Data Presentation, Dashboard, Interactive Data Visualization, Generative AI, Data Ethics, Responsible AI, Infographics, Data Visualization, Anomaly Detection, Excel Formulas, Predictive Modeling, Data Visualization Software, Microsoft Copilot, Business Reporting, Risk Analysis, Text Mining, Predictive Analytics, Automation","Intermediate","Professional Certificate","3 - 6 Months"
134,"AAPC Medical Biller","https://www.coursera.org/professional-certificates/aapc-medical-biller","AAPC","Coursera","Medical Billing, Denial Management, ICD Coding (ICD-9/ICD-10), Patient Registration, Billing, Medical Billing and Coding, Medical Coding, CPT Coding, Accounts Receivable, Payment Processing and Collection, Medical Office Procedures, Utilization Management, Medical Records, Billing & Invoicing, Insurance, Medicare, Health Insurance Portability And Accountability Act (HIPAA) Compliance, Health Systems, Healthcare Industry Knowledge, Regulatory Compliance","Beginner","Professional Certificate","3 - 6 Months"
135,"PwC GST Taxation Executive","https://www.coursera.org/professional-certificates/pwc-gst-taxation-executive","PwC India","Coursera","Accounting Records, Tax Returns, Reconciliation, Tax Compliance, Billing & Invoicing, Auditing, Tax Preparation, Accounting, Tax Management, Key Performance Indicators (KPIs), Compliance Management, Income Tax, Tax, Tax Laws, Sales Tax, Record Keeping, Registration, Compliance Auditing, Compliance Reporting, Fraud detection","Beginner","Professional Certificate","3 - 6 Months"
136,"CertNexus Certified Artificial Intelligence Practitioner","https://www.coursera.org/professional-certificates/certified-artificial-intelligence-practitioner","CertNexus","Coursera","Data Ethics, Applied Machine Learning, Unsupervised Learning, Random Forest Algorithm, Data Analysis, Regression Analysis, Responsible AI, Decision Tree Learning, Machine Learning Algorithms, Data Collection, Deep Learning, Workflow Management, MLOps (Machine Learning Operations), Statistical Analysis, Business Ethics, Compliance Management, Learning Strategies, Test Planning, Goal Setting, Productivity","Intermediate","Professional Certificate","3 - 6 Months"
137,"Desarrollador front-end de Meta","https://www.coursera.org/professional-certificates/meta-front-end-developer-es","Meta","Coursera","User Research, UI/UX Research, Persona (User Experience), Jest (JavaScript Testing Framework), Responsive Web Design, Design Research, Bootstrap (Front-End Framework), Version Control, User Experience Design, HTML and CSS, Front-End Web Development, Unix Commands, Usability, Web Design, React.js, Javascript, Algorithms, Mobile Development, Web Development Tools, Cascading Style Sheets (CSS)","Beginner","Professional Certificate","3 - 6 Months"
138,"Google Project Management (PT)","https://www.coursera.org/professional-certificates/gestao-de-projetos-do-google","Google","Coursera","Quality Management, Backlogs, Project Closure, Project Planning, Team Leadership, Project Management Life Cycle, Agile Project Management, Communication Planning, Continuous Improvement Process, Project Management, Budget Management, Stakeholder Analysis, Change Control, Project Controls, Scope Management, Project Schedules, Agile Methodology, Quality Control, Requirements Analysis, Change Management","Beginner","Professional Certificate","3 - 6 Months"
139,"NASM Personal Fitness Trainer","https://www.coursera.org/professional-certificates/nasm-personal-fitness-trainer","National Academy of Sports Medicine","Coursera","Goal Setting, Exercise Science, Kinesiology, Nutrition and Diet, Nutrition Counseling, Smart Goals, Health Assessment, Sports Medicine, Human Musculoskeletal System, Preventative Care, Public Health and Disease Prevention, Nutritional Assessment, Respiration, Physiology, Neurology, Automated External Defibrillator, Rehabilitation, Cardiopulmonary Resuscitation (CPR), Coaching, Health And Wellness Coaching","Beginner","Professional Certificate","3 - 6 Months"
140,"Microsoft Data Visualization","https://www.coursera.org/professional-certificates/microsoft-data-visualization","Microsoft","Coursera","Data Storytelling, Data Analysis Expressions (DAX), Data Presentation, Power BI, Data Ethics, Dashboard, Data Modeling, Data Governance, Extract, Transform, Load, Data Visualization, Interactive Data Visualization, Business Intelligence, Data Visualization Software, Data Analysis, Statistical Analysis, Correlation Analysis, Data Architecture, Data Cleansing, Data Transformation, Database Design","Beginner","Professional Certificate","3 - 6 Months"
141,"Marketing en redes sociales de Meta","https://www.coursera.org/professional-certificates/marketing-en-redes-sociales-de-facebook","Meta","Coursera","Target Audience, Content Performance Analysis, Paid media, Social Media Marketing, Social Media Management, Social Media Content, Data Storytelling, Social Media Campaigns, Social Media, Social Media Strategy, Campaign Management, Performance Analysis, Content Creation, Marketing Budgets, Marketing Effectiveness, Advertising Campaigns, Performance Metric, Advertising, Online Advertising, Facebook","Beginner","Professional Certificate","3 - 6 Months"
142,"Microsoft Front-End Developer","https://www.coursera.org/professional-certificates/microsoft-front-end-developer","Microsoft","Coursera","GitHub, C# (Programming Language), Secure Coding, HTML and CSS, User Interface and User Experience (UI/UX) Design, Figma (Design Software), Open Web Application Security Project (OWASP), Git (Version Control System), User Interface (UI), Object Oriented Programming (OOP), Web Development, Web Design, Debugging, Mockups, Microsoft Copilot, Authentications, Front-End Web Development, Programming Principles, UI Components, Javascript","Beginner","Professional Certificate","3 - 6 Months"
143,"SAS Advanced Programmer","https://www.coursera.org/professional-certificates/sas-advanced-programmer","SAS","Coursera","SQL, SAS (Software), Database Management, Query Languages, Case Studies, Data Access, Program Development, Statistical Programming, Data Presentation, Scripting, Perl (Programming Language), Data Processing, Automation, Data Integration, Stored Procedure, Data Manipulation, Data Transformation, Debugging, Data Validation, Data Analysis","Intermediate","Professional Certificate","3 - 6 Months"
144,"Python, SQL, Tableau for Data Science","https://www.coursera.org/professional-certificates/python-sql-tableau-data-science","Coursera","Coursera","Data Storytelling, Exploratory Data Analysis, Data Presentation, SQL, Data Visualization Software, Database Design, AWS SageMaker, Unsupervised Learning, Data Visualization, Feature Engineering, Interactive Data Visualization, Dashboard, Database Management, A/B Testing, Tableau Software, Pandas (Python Package), Matplotlib, Python Programming, Data Analysis, Machine Learning","Beginner","Professional Certificate","3 - 6 Months"
145,"ADP AIRS® Entry-Level Recruiter","https://www.coursera.org/professional-certificates/adp-airs-entry-level-recruiter","Automatic Data Processing, Inc. (ADP)","Coursera","Recruitment, Talent Pipelining, Professional Networking, Applicant Tracking Systems, Recruitment Strategies, Relationship Building, Talent Sourcing, Performance Metric, Job Analysis, Talent Acquisition, Consultative Approaches, Process Improvement, Change Management, Compensation Management, Coordination, Key Performance Indicators (KPIs), Performance Reporting, Market Research, Performance Analysis, Personal Attributes","Beginner","Professional Certificate","3 - 6 Months"
146,"Xbox Product Manager","https://www.coursera.org/professional-certificates/xbox-product-manager","Xbox","Coursera","User Story, Product Planning, User Interface (UI), Competitive Analysis, Product Roadmaps, User Interface and User Experience (UI/UX) Design, Stakeholder Management, Market Research, Product Management, Design Thinking, AI Product Strategy, Mockups, Consumer Behaviour, Usability Testing, Wireframing, Market Analysis, Stakeholder Communications, Product Lifecycle Management, Product Strategy, Data Analysis","Beginner","Professional Certificate","3 - 6 Months"
147,"Liberty Mutual Insurance Sales Agent","https://www.coursera.org/professional-certificates/libertymutual-insurancesalesagent","Liberty Mutual Insurance","Coursera","Insurance, Insurance Policies, Closing (Sales), Insurance Sales, Overcoming Objections, Sales Prospecting, Productivity, Prospecting and Qualification, Verbal Communication Skills, Workers Compensation, Storytelling, Risk Management, Customer Relationship Building, Customer Retention, Sales Presentation, Communication, Underwriting, Consultative Selling, Commercial Laws, Product Knowledge","Beginner","Professional Certificate","3 - 6 Months"
148,"CertNexus Certified Data Science Practitioner","https://www.coursera.org/professional-certificates/certified-data-science-practitioner","CertNexus","Coursera","Extract, Transform, Load, Data Analysis, Jupyter, Data Visualization, Unsupervised Learning, Applied Machine Learning, Statistical Analysis, Exploratory Data Analysis, Machine Learning, Business Analytics, Analytical Skills, Data Manipulation, Data Cleansing, Data Processing, Trend Analysis, Data Storytelling, Project Scoping, Business Priorities, Business Analysis, Classification And Regression Tree (CART)","Intermediate","Professional Certificate","3 - 6 Months"
149,"Desarrollador de Meta de Android","https://www.coursera.org/professional-certificates/meta-android-developer-es","Meta","Coursera","React Native, User Research, UI/UX Research, Persona (User Experience), Restful API, Design Research, Android Studio, Version Control, Kotlin, User Experience Design, Android Jetpack, Unix Commands, Android Development, Interaction Design, Git (Version Control System), GitHub, Algorithms, Jest (JavaScript Testing Framework), Usability, Mobile Development","Beginner","Professional Certificate","3 - 6 Months"
150,"Google Data Analytics","https://www.coursera.org/professional-certificates/analytique-des-donnees-google","Google","Coursera","Data Presentation, Data Storytelling, Presentations, Data Cleansing, Data Visualization, Rmarkdown, Data-Driven Decision-Making, Data Validation, Data Ethics, Analytical Skills, Interactive Data Visualization, Dashboard, Spreadsheet Software, Ggplot2, Google Sheets, SQL, Data Collection, Data Analysis, Sampling (Statistics), Data Processing","Beginner","Professional Certificate","3 - 6 Months"
151,"AWS Generative AI Applications","https://www.coursera.org/professional-certificates/aws-generative-ai-applications","Amazon Web Services","Coursera","Responsible AI, Generative AI, Generative AI Agents, Prompt Engineering, Amazon Bedrock, AWS SageMaker, AI Product Strategy, Amazon Web Services, LLM Application, MLOps (Machine Learning Operations), Application Development, Artificial Intelligence and Machine Learning (AI/ML), Artificial Intelligence, Cloud Development, Data Governance, Large Language Modeling, Commercialization, API Design, Solution Architecture, Data Management","Beginner","Professional Certificate","1 - 3 Months"
152,"SAS Statistical Business Analyst","https://www.coursera.org/professional-certificates/sas-statistical-business-analyst","SAS","Coursera","SAS (Software), Predictive Modeling, Predictive Analytics, Statistical Hypothesis Testing, Statistical Analysis, Correlation Analysis, Statistical Modeling, Regression Analysis, Statistical Methods, Probability & Statistics, Big Data, Plot (Graphics), Data Analysis, Statistical Inference, Data Analysis Software, Advanced Analytics, Feature Engineering, Performance Analysis, Performance Measurement, Data Manipulation","Intermediate","Professional Certificate","3 - 6 Months"
153,"IBM Ethical Hacking with Open Source Tools","https://www.coursera.org/professional-certificates/ibm-ethical-hacking-with-open-source-tools","IBM","Coursera","Threat Detection, Penetration Testing, Exploit development, Cyber Threat Intelligence, Threat Management, Linux Administration, Incident Response, Vulnerability Scanning, Cyber Security Assessment, Vulnerability Management, Vulnerability Assessments, Cybersecurity, Network Security, Network Monitoring, Bash (Scripting Language), Network Troubleshooting, Anomaly Detection, Cyber Attacks, Computer Security, Network Analysis","Intermediate","Professional Certificate","3 - 6 Months"
154,"Information Security Analyst","https://www.coursera.org/professional-certificates/ec-council-information-security-analyst","EC-Council","Coursera","Network Security, Incident Response, Computer Security Incident Management, Cryptography, Penetration Testing, Vulnerability Management, Cybersecurity, Application Security, Cyber Security Policies, Security Information and Event Management (SIEM), Threat Detection, Network Monitoring, Cloud Security, Vulnerability Assessments, Malware Protection, Mobile Security, Identity and Access Management, Internet Of Things, Risk Analysis, Web Applications","Beginner","Professional Certificate","3 - 6 Months"
155,"Representante de desarrollo de ventas de Salesforce","https://www.coursera.org/professional-certificates/desarrollo-ventas-salesforce","Salesforce","Coursera","Overcoming Objections, Sales Development, Growth Mindedness, Lead Generation, Time Management, Active Listening, Customer Relationship Management (CRM) Software, Enthusiasm, Constructive Feedback, Verbal Communication Skills, Prospecting and Qualification, Phone Sales, Cold Calling, Interpersonal Communications, Productivity, Technical Sales, Cultural Diversity, Interviewing Skills, Salesforce, Storytelling","Beginner","Professional Certificate","3 - 6 Months"
156,"Zoho Sales Representative","https://www.coursera.org/professional-certificates/zoho-sale-representative-professional-certificate","Zoho Corporation","Coursera","Sales Process, Account Management, Sales Management, Selling Techniques, Customer Relationship Management, Sales, Customer Relationship Management (CRM) Software, General Sales Practices, Sales Pipelines, Sales Presentation, Sales Strategy, Closing (Sales), Process Mapping, Customer Relationship Building, Interviewing Skills, Prospecting and Qualification, Sales Prospecting, Sales Operations, Problem Solving, Critical Thinking","Beginner","Professional Certificate","3 - 6 Months"
157,"Microsoft R Programming for Everyone","https://www.coursera.org/professional-certificates/microsoft-r-programming-for-everyone","Microsoft","Coursera","Rmarkdown, Version Control, Web Scraping, Regression Analysis, Knitr, Exploratory Data Analysis, Statistical Analysis, Data Manipulation, Dimensionality Reduction, Ggplot2, Geospatial Information and Technology, Time Series Analysis and Forecasting, Plotly, Shiny (R Package), Data Cleansing, Data Visualization, Data Wrangling, Software Documentation, R Programming, Microsoft Copilot","Beginner","Professional Certificate","3 - 6 Months"
158,"Desain UX Google","https://www.coursera.org/professional-certificates/desain-ux-google","Google","Coursera","Wireframing, Adobe XD, Mockups, Storyboarding, Information Architecture, User Experience Design, Usability Testing, Graphic and Visual Design, Figma (Design Software), Design Elements And Principles, UI/UX Research, Design Reviews, Responsive Web Design, Presentations, User Story, Cross Platform Development, User Centered Design, Prototyping, Ideation, Web Design","Beginner","Professional Certificate","3 - 6 Months"
159,"Google UX Design","https://www.coursera.org/professional-certificates/conception-ux-google","Google","Coursera","User Experience Design, UI/UX Research, Information Architecture, Storyboarding, Wireframing, User Research, User Story, Adobe XD, Usability Testing, Figma (Design Software), User Experience, Design Reviews, User Interface and User Experience (UI/UX) Design, Design Research, User Centered Design, Persona (User Experience), Presentations, Web Design, Research Design, Usability","Beginner","Professional Certificate","3 - 6 Months"
160,"Google Project Management","https://www.coursera.org/professional-certificates/gestion-de-projet-google","Google","Coursera","Backlogs, Quality Management, Project Closure, Project Planning, Scope Management, Team Management, Project Scoping, Agile Project Management, Budget Management, Project Risk Management, Milestones (Project Management), Team Leadership, Communication Planning, Agile Software Development, Sprint Retrospectives, Resource Management, Project Management Life Cycle, Smart Goals, Change Management, Project Management","Beginner","Professional Certificate","3 - 6 Months"
161,"Figma, Sketch & Miro for UX Design","https://www.coursera.org/professional-certificates/coursera-ux-design-toolkit","Coursera","Coursera","User Research, Prototyping, Wireframing, User Interface and User Experience (UI/UX) Design, Human Centered Design, Interactive Design, Conceptual Design, Design, User Flows, Collaborative Software, Design Specifications, Persona Development, Design Software, User Interface (UI) Design, UI Components, Ideation, Animations","Intermediate","Professional Certificate","3 - 6 Months"
162,"AWS Generative AI for Developers","https://www.coursera.org/professional-certificates/aws-generative-ai-developers","Amazon Web Services","Coursera","Amazon Bedrock, Prompt Engineering, Responsible AI, Generative AI Agents, Generative AI, LangChain, Large Language Modeling, LLM Application, Prompt Engineering Tools, Artificial Intelligence, AWS SageMaker, Amazon Web Services, AI Personalization, Automation, Application Programming Interface (API), Data Processing, Performance Testing, Data Integration","Intermediate","Professional Certificate","1 - 3 Months"
163,"Google Project Management (DE)","https://www.coursera.org/professional-certificates/google-project-management-de","Google","Coursera","Project Closure, Quality Management, Continuous Improvement Process, Project Risk Management, Cost Management, Backlogs, Quality Improvement, Project Planning, Risk Management, Milestones (Project Management), Communication Planning, Sprint Retrospectives, Agile Project Management, Scope Management, Stakeholder Management, Project Management Life Cycle, Project Documentation, Project Management, Agile Methodology, Change Management","Beginner","Professional Certificate","3 - 6 Months"
